[{"fields": {"model": "placeholder", "app_label": "cms"}, "model": "contenttypes.contenttype", "pk": 1}, {"fields": {"model": "page", "app_label": "cms"}, "model": "contenttypes.contenttype", "pk": 2}, {"fields": {"model": "permission", "app_label": "auth"}, "model": "contenttypes.contenttype", "pk": 3}, {"fields": {"model": "group", "app_label": "auth"}, "model": "contenttypes.contenttype", "pk": 4}, {"fields": {"model": "user", "app_label": "auth"}, "model": "contenttypes.contenttype", "pk": 5}, {"fields": {"model": "contenttype", "app_label": "contenttypes"}, "model": "contenttypes.contenttype", "pk": 6}, {"fields": {"model": "session", "app_label": "sessions"}, "model": "contenttypes.contenttype", "pk": 7}, {"fields": {"model": "logentry", "app_label": "admin"}, "model": "contenttypes.contenttype", "pk": 8}, {"fields": {"model": "site", "app_label": "sites"}, "model": "contenttypes.contenttype", "pk": 9}, {"fields": {"model": "usersettings", "app_label": "cms"}, "model": "contenttypes.contenttype", "pk": 10}, {"fields": {"model": "globalpagepermission", "app_label": "cms"}, "model": "contenttypes.contenttype", "pk": 11}, {"fields": {"model": "pagepermission", "app_label": "cms"}, "model": "contenttypes.contenttype", "pk": 12}, {"fields": {"model": "pageuser", "app_label": "cms"}, "model": "contenttypes.contenttype", "pk": 13}, {"fields": {"model": "pageusergroup", "app_label": "cms"}, "model": "contenttypes.contenttype", "pk": 14}, {"fields": {"model": "cmsplugin", "app_label": "cms"}, "model": "contenttypes.contenttype", "pk": 15}, {"fields": {"model": "title", "app_label": "cms"}, "model": "contenttypes.contenttype", "pk": 16}, {"fields": {"model": "placeholderreference", "app_label": "cms"}, "model": "contenttypes.contenttype", "pk": 17}, {"fields": {"model": "staticplaceholder", "app_label": "cms"}, "model": "contenttypes.contenttype", "pk": 18}, {"fields": {"model": "aliaspluginmodel", "app_label": "cms"}, "model": "contenttypes.contenttype", "pk": 19}, {"fields": {"model": "urlconfrevision", "app_label": "cms"}, "model": "contenttypes.contenttype", "pk": 20}, {"fields": {"model": "cachekey", "app_label": "menus"}, "model": "contenttypes.contenttype", "pk": 21}, {"fields": {"model": "text", "app_label": "djangocms_text_ckeditor"}, "model": "contenttypes.contenttype", "pk": 22}, {"fields": {"model": "folder", "app_label": "filer"}, "model": "contenttypes.contenttype", "pk": 23}, {"fields": {"model": "folderpermission", "app_label": "filer"}, "model": "contenttypes.contenttype", "pk": 24}, {"fields": {"model": "file", "app_label": "filer"}, "model": "contenttypes.contenttype", "pk": 25}, {"fields": {"model": "clipboard", "app_label": "filer"}, "model": "contenttypes.contenttype", "pk": 26}, {"fields": {"model": "clipboarditem", "app_label": "filer"}, "model": "contenttypes.contenttype", "pk": 27}, {"fields": {"model": "image", "app_label": "filer"}, "model": "contenttypes.contenttype", "pk": 28}, {"fields": {"model": "thumbnailoption", "app_label": "filer"}, "model": "contenttypes.contenttype", "pk": 29}, {"fields": {"model": "source", "app_label": "easy_thumbnails"}, "model": "contenttypes.contenttype", "pk": 30}, {"fields": {"model": "thumbnail", "app_label": "easy_thumbnails"}, "model": "contenttypes.contenttype", "pk": 31}, {"fields": {"model": "thumbnaildimensions", "app_label": "easy_thumbnails"}, "model": "contenttypes.contenttype", "pk": 32}, {"fields": {"model": "multicolumns", "app_label": "djangocms_column"}, "model": "contenttypes.contenttype", "pk": 33}, {"fields": {"model": "column", "app_label": "djangocms_column"}, "model": "contenttypes.contenttype", "pk": 34}, {"fields": {"model": "link", "app_label": "djangocms_link"}, "model": "contenttypes.contenttype", "pk": 35}, {"fields": {"model": "filerfile", "app_label": "cmsplugin_filer_file"}, "model": "contenttypes.contenttype", "pk": 36}, {"fields": {"model": "filerfolder", "app_label": "cmsplugin_filer_folder"}, "model": "contenttypes.contenttype", "pk": 37}, {"fields": {"model": "filerimage", "app_label": "cmsplugin_filer_image"}, "model": "contenttypes.contenttype", "pk": 38}, {"fields": {"model": "style", "app_label": "djangocms_style"}, "model": "contenttypes.contenttype", "pk": 39}, {"fields": {"model": "snippet", "app_label": "djangocms_snippet"}, "model": "contenttypes.contenttype", "pk": 40}, {"fields": {"model": "snippetptr", "app_label": "djangocms_snippet"}, "model": "contenttypes.contenttype", "pk": 41}, {"fields": {"model": "googlemap", "app_label": "djangocms_googlemap"}, "model": "contenttypes.contenttype", "pk": 42}, {"fields": {"model": "videoplayer", "app_label": "djangocms_video"}, "model": "contenttypes.contenttype", "pk": 43}, {"fields": {"model": "videosource", "app_label": "djangocms_video"}, "model": "contenttypes.contenttype", "pk": 44}, {"fields": {"model": "videotrack", "app_label": "djangocms_video"}, "model": "contenttypes.contenttype", "pk": 45}, {"fields": {"model": "token", "app_label": "authtoken"}, "model": "contenttypes.contenttype", "pk": 46}, {"fields": {"model": "backgroundimage", "app_label": "aldryn_background_image"}, "model": "contenttypes.contenttype", "pk": 47}, {"fields": {"model": "boostrap3buttonplugin", "app_label": "aldryn_bootstrap3"}, "model": "contenttypes.contenttype", "pk": 48}, {"fields": {"model": "boostrap3blockquoteplugin", "app_label": "aldryn_bootstrap3"}, "model": "contenttypes.contenttype", "pk": 49}, {"fields": {"model": "boostrap3iconplugin", "app_label": "aldryn_bootstrap3"}, "model": "contenttypes.contenttype", "pk": 50}, {"fields": {"model": "boostrap3labelplugin", "app_label": "aldryn_bootstrap3"}, "model": "contenttypes.contenttype", "pk": 51}, {"fields": {"model": "boostrap3wellplugin", "app_label": "aldryn_bootstrap3"}, "model": "contenttypes.contenttype", "pk": 52}, {"fields": {"model": "boostrap3alertplugin", "app_label": "aldryn_bootstrap3"}, "model": "contenttypes.contenttype", "pk": 53}, {"fields": {"model": "boostrap3imageplugin", "app_label": "aldryn_bootstrap3"}, "model": "contenttypes.contenttype", "pk": 54}, {"fields": {"model": "boostrap3spacerplugin", "app_label": "aldryn_bootstrap3"}, "model": "contenttypes.contenttype", "pk": 55}, {"fields": {"model": "bootstrap3fileplugin", "app_label": "aldryn_bootstrap3"}, "model": "contenttypes.contenttype", "pk": 56}, {"fields": {"model": "boostrap3panelplugin", "app_label": "aldryn_bootstrap3"}, "model": "contenttypes.contenttype", "pk": 57}, {"fields": {"model": "boostrap3panelheadingplugin", "app_label": "aldryn_bootstrap3"}, "model": "contenttypes.contenttype", "pk": 58}, {"fields": {"model": "boostrap3panelbodyplugin", "app_label": "aldryn_bootstrap3"}, "model": "contenttypes.contenttype", "pk": 59}, {"fields": {"model": "boostrap3panelfooterplugin", "app_label": "aldryn_bootstrap3"}, "model": "contenttypes.contenttype", "pk": 60}, {"fields": {"model": "bootstrap3rowplugin", "app_label": "aldryn_bootstrap3"}, "model": "contenttypes.contenttype", "pk": 61}, {"fields": {"model": "bootstrap3columnplugin", "app_label": "aldryn_bootstrap3"}, "model": "contenttypes.contenttype", "pk": 62}, {"fields": {"model": "bootstrap3accordionplugin", "app_label": "aldryn_bootstrap3"}, "model": "contenttypes.contenttype", "pk": 63}, {"fields": {"model": "bootstrap3accordionitemplugin", "app_label": "aldryn_bootstrap3"}, "model": "contenttypes.contenttype", "pk": 64}, {"fields": {"model": "bootstrap3listgroupplugin", "app_label": "aldryn_bootstrap3"}, "model": "contenttypes.contenttype", "pk": 65}, {"fields": {"model": "bootstrap3listgroupitemplugin", "app_label": "aldryn_bootstrap3"}, "model": "contenttypes.contenttype", "pk": 66}, {"fields": {"model": "bootstrap3carouselplugin", "app_label": "aldryn_bootstrap3"}, "model": "contenttypes.contenttype", "pk": 67}, {"fields": {"model": "bootstrap3carouselslideplugin", "app_label": "aldryn_bootstrap3"}, "model": "contenttypes.contenttype", "pk": 68}, {"fields": {"model": "bootstrap3carouselslidefolderplugin", "app_label": "aldryn_bootstrap3"}, "model": "contenttypes.contenttype", "pk": 69}, {"fields": {"model": "categorytranslation", "app_label": "aldryn_categories"}, "model": "contenttypes.contenttype", "pk": 70}, {"fields": {"model": "category", "app_label": "aldryn_categories"}, "model": "contenttypes.contenttype", "pk": 71}, {"fields": {"expire_date": "2016-11-24T08:47:28.659Z", "session_data": "YzlkYTJiNDU3ZDQzZDA5Yjg5ODg4NGEzNTIxNmQzOTI2Zjc1NGJhYzp7ImNtc19hZG1pbl9zaXRlIjoxLCJfYXV0aF91c2VyX2lkIjoiMiIsImZpbGVyX2xhc3RfZm9sZGVyX2lkIjpudWxsLCJjbXNfdG9vbGJhcl9kaXNhYmxlZCI6ZmFsc2UsIndpemFyZF93aXphcmRfY3JlYXRlX3ZpZXciOnsic3RlcF9maWxlcyI6e30sInN0ZXAiOm51bGwsImV4dHJhX2RhdGEiOnt9LCJzdGVwX2RhdGEiOnt9fSwiX2F1dGhfdXNlcl9iYWNrZW5kIjoiZGphbmdvLmNvbnRyaWIuYXV0aC5iYWNrZW5kcy5Nb2RlbEJhY2tlbmQiLCJjbXNfZWRpdCI6ZmFsc2UsIl9hdXRoX3VzZXJfaGFzaCI6IjZmNDFmNThhYmM0ZTQ2YWVkZTU4MmJjYjhkMTEwN2E3NTU0MTA2MmQifQ=="}, "model": "sessions.session", "pk": "nwldkx2cjqrovplvuqxqgfnoefaz8x05"}, {"fields": {"domain": "forth.ai.com", "name": "forth.ai.com"}, "model": "sites.site", "pk": 1}, {"fields": {"navigation_extenders": null, "site": 1, "application_namespace": null, "path": "0001", "in_navigation": true, "reverse_id": null, "login_required": false, "created_by": "script", "languages": "zh", "publication_end_date": null, "template": "fullwidth.html", "placeholders": [2, 10], "changed_date": "2016-11-10T08:47:28.122Z", "limit_visibility_in_menu": 1, "parent": null, "numchild": 0, "soft_root": false, "is_home": true, "publication_date": "2016-11-08T03:10:44.740Z", "creation_date": "2016-11-08T03:10:44.047Z", "publisher_public": 2, "application_urls": null, "changed_by": "superuser", "publisher_is_draft": true, "xframe_options": 0, "depth": 1, "revision_id": 0}, "model": "cms.page", "pk": 1}, {"fields": {"navigation_extenders": null, "site": 1, "application_namespace": null, "path": "0002", "in_navigation": true, "reverse_id": null, "login_required": false, "created_by": "script", "languages": "zh", "publication_end_date": null, "template": "fullwidth.html", "placeholders": [3, 8], "changed_date": "2016-11-10T08:47:28.087Z", "limit_visibility_in_menu": 1, "parent": null, "numchild": 0, "soft_root": false, "is_home": true, "publication_date": "2016-11-08T03:10:44.740Z", "creation_date": "2016-11-08T03:10:44.744Z", "publisher_public": 1, "application_urls": null, "changed_by": "superuser", "publisher_is_draft": false, "xframe_options": 0, "depth": 1, "revision_id": 0}, "model": "cms.page", "pk": 2}, {"fields": {"navigation_extenders": null, "site": 1, "application_namespace": null, "path": "0004", "in_navigation": true, "reverse_id": null, "login_required": false, "created_by": "script", "languages": "zh", "publication_end_date": null, "template": "fullwidth.html", "placeholders": [4, 6, 11], "changed_date": "2016-11-10T07:20:48.850Z", "limit_visibility_in_menu": null, "parent": null, "numchild": 0, "soft_root": false, "is_home": false, "publication_date": "2016-11-08T03:12:26.902Z", "creation_date": "2016-11-08T03:12:15.365Z", "publisher_public": 4, "application_urls": null, "changed_by": "superuser", "publisher_is_draft": true, "xframe_options": 0, "depth": 1, "revision_id": 0}, "model": "cms.page", "pk": 3}, {"fields": {"navigation_extenders": null, "site": 1, "application_namespace": null, "path": "0005", "in_navigation": true, "reverse_id": null, "login_required": false, "created_by": "superuser", "languages": "zh", "publication_end_date": null, "template": "fullwidth.html", "placeholders": [5, 9, 21], "changed_date": "2016-11-10T07:20:48.817Z", "limit_visibility_in_menu": null, "parent": null, "numchild": 0, "soft_root": false, "is_home": false, "publication_date": "2016-11-08T03:12:26.902Z", "creation_date": "2016-11-08T03:12:26.906Z", "publisher_public": 3, "application_urls": null, "changed_by": "superuser", "publisher_is_draft": false, "xframe_options": 0, "depth": 1, "revision_id": 0}, "model": "cms.page", "pk": 4}, {"fields": {"navigation_extenders": null, "site": 1, "application_namespace": null, "path": "0007", "in_navigation": true, "reverse_id": null, "login_required": false, "created_by": "superuser", "languages": "zh", "publication_end_date": null, "template": "sidebar_left.html", "placeholders": [12, 13, 16], "changed_date": "2016-11-09T08:37:38.872Z", "limit_visibility_in_menu": null, "parent": null, "numchild": 0, "soft_root": false, "is_home": false, "publication_date": "2016-11-09T06:05:10.007Z", "creation_date": "2016-11-09T06:04:40.149Z", "publisher_public": 7, "application_urls": null, "changed_by": "superuser", "publisher_is_draft": true, "xframe_options": 0, "depth": 1, "revision_id": 0}, "model": "cms.page", "pk": 6}, {"fields": {"navigation_extenders": null, "site": 1, "application_namespace": null, "path": "0008", "in_navigation": true, "reverse_id": null, "login_required": false, "created_by": "superuser", "languages": "zh", "publication_end_date": null, "template": "INHERIT", "placeholders": [14, 15], "changed_date": "2016-11-09T06:05:10.074Z", "limit_visibility_in_menu": null, "parent": null, "numchild": 0, "soft_root": false, "is_home": false, "publication_date": "2016-11-09T06:05:10.007Z", "creation_date": "2016-11-09T06:05:10.012Z", "publisher_public": 6, "application_urls": null, "changed_by": "superuser", "publisher_is_draft": false, "xframe_options": 0, "depth": 1, "revision_id": 0}, "model": "cms.page", "pk": 7}, {"fields": {"slot": "clipboard", "default_width": null}, "model": "cms.placeholder", "pk": 1}, {"fields": {"slot": "content", "default_width": null}, "model": "cms.placeholder", "pk": 2}, {"fields": {"slot": "content", "default_width": null}, "model": "cms.placeholder", "pk": 3}, {"fields": {"slot": "content", "default_width": null}, "model": "cms.placeholder", "pk": 4}, {"fields": {"slot": "content", "default_width": null}, "model": "cms.placeholder", "pk": 5}, {"fields": {"slot": "sidebar", "default_width": null}, "model": "cms.placeholder", "pk": 6}, {"fields": {"slot": "header", "default_width": null}, "model": "cms.placeholder", "pk": 8}, {"fields": {"slot": "header", "default_width": null}, "model": "cms.placeholder", "pk": 9}, {"fields": {"slot": "header", "default_width": null}, "model": "cms.placeholder", "pk": 10}, {"fields": {"slot": "header", "default_width": null}, "model": "cms.placeholder", "pk": 11}, {"fields": {"slot": "content", "default_width": null}, "model": "cms.placeholder", "pk": 12}, {"fields": {"slot": "header", "default_width": null}, "model": "cms.placeholder", "pk": 13}, {"fields": {"slot": "content", "default_width": null}, "model": "cms.placeholder", "pk": 14}, {"fields": {"slot": "header", "default_width": null}, "model": "cms.placeholder", "pk": 15}, {"fields": {"slot": "sidebar", "default_width": null}, "model": "cms.placeholder", "pk": 16}, {"fields": {"slot": "footer", "default_width": null}, "model": "cms.placeholder", "pk": 17}, {"fields": {"slot": "footer", "default_width": null}, "model": "cms.placeholder", "pk": 18}, {"fields": {"slot": "footer", "default_width": null}, "model": "cms.placeholder", "pk": 19}, {"fields": {"slot": "footer", "default_width": null}, "model": "cms.placeholder", "pk": 20}, {"fields": {"slot": "sidebar", "default_width": null}, "model": "cms.placeholder", "pk": 21}, {"fields": {"changed_date": "2016-11-08T03:12:15.774Z", "language": "zh", "parent": null, "numchild": 0, "creation_date": "2016-11-08T03:12:15.766Z", "depth": 1, "position": 0, "path": "0003", "placeholder": 4, "plugin_type": "TextPlugin"}, "model": "cms.cmsplugin", "pk": 3}, {"fields": {"changed_date": "2016-11-10T07:33:33.297Z", "language": "zh", "parent": 1042, "numchild": 0, "creation_date": "2016-11-08T06:43:34.404Z", "depth": 2, "position": 0, "path": "001S0001", "placeholder": 10, "plugin_type": "TextPlugin"}, "model": "cms.cmsplugin", "pk": 19}, {"fields": {"changed_date": "2016-11-10T07:20:43.315Z", "language": "zh", "parent": null, "numchild": 1, "creation_date": "2016-11-09T03:44:52.714Z", "depth": 1, "position": 0, "path": "000G", "placeholder": 11, "plugin_type": "StylePlugin"}, "model": "cms.cmsplugin", "pk": 30}, {"fields": {"changed_date": "2016-11-09T03:46:39.592Z", "language": "zh", "parent": 30, "numchild": 0, "creation_date": "2016-11-09T03:46:39.585Z", "depth": 2, "position": 0, "path": "000G0001", "placeholder": 11, "plugin_type": "FilerImagePlugin"}, "model": "cms.cmsplugin", "pk": 31}, {"fields": {"changed_date": "2016-11-09T06:48:48.860Z", "language": "zh", "parent": null, "numchild": 1, "creation_date": "2016-11-09T05:22:33.267Z", "depth": 1, "position": 0, "path": "000L", "placeholder": 10, "plugin_type": "StylePlugin"}, "model": "cms.cmsplugin", "pk": 36}, {"fields": {"changed_date": "2016-11-09T06:08:52.066Z", "language": "zh", "parent": null, "numchild": 2, "creation_date": "2016-11-09T06:08:52.062Z", "depth": 1, "position": 0, "path": "000U", "placeholder": 2, "plugin_type": "MultiColumnPlugin"}, "model": "cms.cmsplugin", "pk": 194}, {"fields": {"changed_date": "2016-11-10T02:18:53.015Z", "language": "zh", "parent": 194, "numchild": 2, "creation_date": "2016-11-09T06:08:52.068Z", "depth": 2, "position": 0, "path": "000U0001", "placeholder": 2, "plugin_type": "ColumnPlugin"}, "model": "cms.cmsplugin", "pk": 195}, {"fields": {"changed_date": "2016-11-09T06:15:59.293Z", "language": "zh", "parent": 194, "numchild": 2, "creation_date": "2016-11-09T06:08:52.073Z", "depth": 2, "position": 1, "path": "000U0002", "placeholder": 2, "plugin_type": "ColumnPlugin"}, "model": "cms.cmsplugin", "pk": 196}, {"fields": {"changed_date": "2016-11-10T02:18:19.216Z", "language": "zh", "parent": 195, "numchild": 1, "creation_date": "2016-11-09T06:12:00.027Z", "depth": 3, "position": 1, "path": "000U00010001", "placeholder": 2, "plugin_type": "TextPlugin"}, "model": "cms.cmsplugin", "pk": 203}, {"fields": {"changed_date": "2016-11-10T01:50:24.425Z", "language": "zh", "parent": 195, "numchild": 0, "creation_date": "2016-11-09T06:13:17.377Z", "depth": 3, "position": 0, "path": "000U00010002", "placeholder": 2, "plugin_type": "FilerImagePlugin"}, "model": "cms.cmsplugin", "pk": 204}, {"fields": {"changed_date": "2016-11-10T02:19:13.737Z", "language": "zh", "parent": 196, "numchild": 1, "creation_date": "2016-11-09T06:13:31.366Z", "depth": 3, "position": 0, "path": "000U00020001", "placeholder": 2, "plugin_type": "TextPlugin"}, "model": "cms.cmsplugin", "pk": 205}, {"fields": {"changed_date": "2016-11-10T01:50:48.945Z", "language": "zh", "parent": 196, "numchild": 0, "creation_date": "2016-11-09T06:14:12.768Z", "depth": 3, "position": 1, "path": "000U00020002", "placeholder": 2, "plugin_type": "FilerImagePlugin"}, "model": "cms.cmsplugin", "pk": 206}, {"fields": {"changed_date": "2016-11-09T07:37:46.583Z", "language": "zh", "parent": 36, "numchild": 1, "creation_date": "2016-11-09T06:50:24.516Z", "depth": 2, "position": 0, "path": "000L0001", "placeholder": 10, "plugin_type": "BackgroundImagePlugin"}, "model": "cms.cmsplugin", "pk": 297}, {"fields": {"changed_date": "2016-11-10T06:16:49.645Z", "language": "zh", "parent": 341, "numchild": 0, "creation_date": "2016-11-09T06:52:22.910Z", "depth": 7, "position": 0, "path": "000L000100030001000100010001", "placeholder": 10, "plugin_type": "TextPlugin"}, "model": "cms.cmsplugin", "pk": 298}, {"fields": {"changed_date": "2016-11-10T06:16:22.879Z", "language": "zh", "parent": 341, "numchild": 0, "creation_date": "2016-11-09T06:53:06.888Z", "depth": 7, "position": 1, "path": "000L000100030001000100010002", "placeholder": 10, "plugin_type": "TextPlugin"}, "model": "cms.cmsplugin", "pk": 299}, {"fields": {"changed_date": "2016-11-09T07:32:02.607Z", "language": "zh", "parent": 297, "numchild": 2, "creation_date": "2016-11-09T07:32:02.600Z", "depth": 3, "position": 0, "path": "000L00010003", "placeholder": 10, "plugin_type": "StylePlugin"}, "model": "cms.cmsplugin", "pk": 338}, {"fields": {"changed_date": "2016-11-09T07:32:45.361Z", "language": "zh", "parent": 338, "numchild": 1, "creation_date": "2016-11-09T07:32:45.357Z", "depth": 4, "position": 0, "path": "000L000100030001", "placeholder": 10, "plugin_type": "Bootstrap3RowCMSPlugin"}, "model": "cms.cmsplugin", "pk": 339}, {"fields": {"changed_date": "2016-11-09T07:42:43.597Z", "language": "zh", "parent": 339, "numchild": 1, "creation_date": "2016-11-09T07:32:45.364Z", "depth": 5, "position": 0, "path": "000L0001000300010001", "placeholder": 10, "plugin_type": "Bootstrap3ColumnCMSPlugin"}, "model": "cms.cmsplugin", "pk": 340}, {"fields": {"changed_date": "2016-11-09T07:43:23.838Z", "language": "zh", "parent": 340, "numchild": 2, "creation_date": "2016-11-09T07:34:31.382Z", "depth": 6, "position": 0, "path": "000L00010003000100010001", "placeholder": 10, "plugin_type": "StylePlugin"}, "model": "cms.cmsplugin", "pk": 341}, {"fields": {"changed_date": "2016-11-09T07:50:49.548Z", "language": "zh", "parent": 338, "numchild": 1, "creation_date": "2016-11-09T07:47:56.582Z", "depth": 4, "position": 2, "path": "000L000100030003", "placeholder": 10, "plugin_type": "Bootstrap3RowCMSPlugin"}, "model": "cms.cmsplugin", "pk": 489}, {"fields": {"changed_date": "2016-11-09T07:50:49.552Z", "language": "zh", "parent": 489, "numchild": 1, "creation_date": "2016-11-09T07:50:49.551Z", "depth": 5, "position": 0, "path": "000L0001000300030001", "placeholder": 10, "plugin_type": "Bootstrap3ColumnCMSPlugin"}, "model": "cms.cmsplugin", "pk": 491}, {"fields": {"changed_date": "2016-11-09T07:56:02.878Z", "language": "zh", "parent": 491, "numchild": 1, "creation_date": "2016-11-09T07:51:22.278Z", "depth": 6, "position": 0, "path": "000L00010003000300010001", "placeholder": 10, "plugin_type": "StylePlugin"}, "model": "cms.cmsplugin", "pk": 492}, {"fields": {"changed_date": "2016-11-10T06:16:59.714Z", "language": "zh", "parent": 492, "numchild": 1, "creation_date": "2016-11-09T07:53:25.928Z", "depth": 7, "position": 0, "path": "000L000100030003000100010002", "placeholder": 10, "plugin_type": "TextPlugin"}, "model": "cms.cmsplugin", "pk": 494}, {"fields": {"changed_date": "2016-11-09T07:57:04.481Z", "language": "zh", "parent": 494, "numchild": 0, "creation_date": "2016-11-09T07:54:13.827Z", "depth": 8, "position": 0, "path": "000L0001000300030001000100020001", "placeholder": 10, "plugin_type": "Bootstrap3ButtonCMSPlugin"}, "model": "cms.cmsplugin", "pk": 495}, {"fields": {"changed_date": "2016-11-10T02:18:17.906Z", "language": "zh", "parent": 203, "numchild": 0, "creation_date": "2016-11-10T02:18:17.902Z", "depth": 4, "position": 0, "path": "000U000100010001", "placeholder": 2, "plugin_type": "Bootstrap3ButtonCMSPlugin"}, "model": "cms.cmsplugin", "pk": 673}, {"fields": {"changed_date": "2016-11-10T02:19:12.701Z", "language": "zh", "parent": 205, "numchild": 0, "creation_date": "2016-11-10T02:19:12.696Z", "depth": 4, "position": 0, "path": "000U000200010001", "placeholder": 2, "plugin_type": "Bootstrap3ButtonCMSPlugin"}, "model": "cms.cmsplugin", "pk": 700}, {"fields": {"changed_date": "2016-11-10T02:55:17.120Z", "language": "zh", "parent": null, "numchild": 2, "creation_date": "2016-11-10T02:55:17.095Z", "depth": 1, "position": 0, "path": "001G", "placeholder": 17, "plugin_type": "MultiColumnPlugin"}, "model": "cms.cmsplugin", "pk": 725}, {"fields": {"changed_date": "2016-11-10T02:56:36.216Z", "language": "zh", "parent": 725, "numchild": 1, "creation_date": "2016-11-10T02:55:17.168Z", "depth": 2, "position": 0, "path": "001G0001", "placeholder": 17, "plugin_type": "ColumnPlugin"}, "model": "cms.cmsplugin", "pk": 726}, {"fields": {"changed_date": "2016-11-10T03:39:10.604Z", "language": "zh", "parent": 725, "numchild": 1, "creation_date": "2016-11-10T02:55:17.173Z", "depth": 2, "position": 1, "path": "001G0002", "placeholder": 17, "plugin_type": "ColumnPlugin"}, "model": "cms.cmsplugin", "pk": 727}, {"fields": {"changed_date": "2016-11-10T02:56:54.717Z", "language": "zh", "parent": 726, "numchild": 2, "creation_date": "2016-11-10T02:56:54.715Z", "depth": 3, "position": 0, "path": "001G00010001", "placeholder": 17, "plugin_type": "MultiColumnPlugin"}, "model": "cms.cmsplugin", "pk": 730}, {"fields": {"changed_date": "2016-11-10T02:56:54.721Z", "language": "zh", "parent": 730, "numchild": 1, "creation_date": "2016-11-10T02:56:54.720Z", "depth": 4, "position": 0, "path": "001G000100010001", "placeholder": 17, "plugin_type": "ColumnPlugin"}, "model": "cms.cmsplugin", "pk": 731}, {"fields": {"changed_date": "2016-11-10T03:00:27.092Z", "language": "zh", "parent": 730, "numchild": 1, "creation_date": "2016-11-10T02:56:54.724Z", "depth": 4, "position": 1, "path": "001G000100010002", "placeholder": 17, "plugin_type": "ColumnPlugin"}, "model": "cms.cmsplugin", "pk": 732}, {"fields": {"changed_date": "2016-11-10T05:35:31.888Z", "language": "zh", "parent": 731, "numchild": 0, "creation_date": "2016-11-10T02:57:32.661Z", "depth": 5, "position": 0, "path": "001G0001000100010001", "placeholder": 17, "plugin_type": "Bootstrap3ImageCMSPlugin"}, "model": "cms.cmsplugin", "pk": 733}, {"fields": {"changed_date": "2016-11-10T05:40:46.200Z", "language": "zh", "parent": 732, "numchild": 2, "creation_date": "2016-11-10T03:01:04.541Z", "depth": 5, "position": 0, "path": "001G0001000100020001", "placeholder": 17, "plugin_type": "TextPlugin"}, "model": "cms.cmsplugin", "pk": 737}, {"fields": {"changed_date": "2016-11-10T03:39:31.627Z", "language": "zh", "parent": 727, "numchild": 0, "creation_date": "2016-11-10T03:39:22.651Z", "depth": 3, "position": 0, "path": "001G00020001", "placeholder": 17, "plugin_type": "TextPlugin"}, "model": "cms.cmsplugin", "pk": 846}, {"fields": {"changed_date": "2016-11-10T05:25:29.632Z", "language": "zh", "parent": null, "numchild": 2, "creation_date": "2016-11-10T02:55:17.095Z", "depth": 1, "position": 0, "path": "001L", "placeholder": 18, "plugin_type": "MultiColumnPlugin"}, "model": "cms.cmsplugin", "pk": 1001}, {"fields": {"changed_date": "2016-11-10T05:25:29.638Z", "language": "zh", "parent": 1001, "numchild": 1, "creation_date": "2016-11-10T02:55:17.168Z", "depth": 2, "position": 0, "path": "001L0001", "placeholder": 18, "plugin_type": "ColumnPlugin"}, "model": "cms.cmsplugin", "pk": 1002}, {"fields": {"changed_date": "2016-11-10T05:25:29.645Z", "language": "zh", "parent": 1002, "numchild": 2, "creation_date": "2016-11-10T02:56:54.715Z", "depth": 3, "position": 0, "path": "001L00010001", "placeholder": 18, "plugin_type": "MultiColumnPlugin"}, "model": "cms.cmsplugin", "pk": 1003}, {"fields": {"changed_date": "2016-11-10T05:25:29.651Z", "language": "zh", "parent": 1003, "numchild": 1, "creation_date": "2016-11-10T02:56:54.720Z", "depth": 4, "position": 0, "path": "001L000100010001", "placeholder": 18, "plugin_type": "ColumnPlugin"}, "model": "cms.cmsplugin", "pk": 1004}, {"fields": {"changed_date": "2016-11-10T05:25:29.657Z", "language": "zh", "parent": 1004, "numchild": 0, "creation_date": "2016-11-10T02:57:32.661Z", "depth": 5, "position": 0, "path": "001L0001000100010001", "placeholder": 18, "plugin_type": "Bootstrap3ImageCMSPlugin"}, "model": "cms.cmsplugin", "pk": 1005}, {"fields": {"changed_date": "2016-11-10T05:25:29.666Z", "language": "zh", "parent": 1003, "numchild": 1, "creation_date": "2016-11-10T02:56:54.724Z", "depth": 4, "position": 1, "path": "001L000100010002", "placeholder": 18, "plugin_type": "ColumnPlugin"}, "model": "cms.cmsplugin", "pk": 1006}, {"fields": {"changed_date": "2016-11-10T05:25:29.714Z", "language": "zh", "parent": 1006, "numchild": 1, "creation_date": "2016-11-10T03:01:04.541Z", "depth": 5, "position": 0, "path": "001L0001000100020001", "placeholder": 18, "plugin_type": "TextPlugin"}, "model": "cms.cmsplugin", "pk": 1007}, {"fields": {"changed_date": "2016-11-10T05:25:29.684Z", "language": "zh", "parent": 1007, "numchild": 0, "creation_date": "2016-11-10T03:01:23.164Z", "depth": 6, "position": 0, "path": "001L00010001000200010001", "placeholder": 18, "plugin_type": "Bootstrap3ButtonCMSPlugin"}, "model": "cms.cmsplugin", "pk": 1008}, {"fields": {"changed_date": "2016-11-10T05:25:29.692Z", "language": "zh", "parent": 1001, "numchild": 1, "creation_date": "2016-11-10T02:55:17.173Z", "depth": 2, "position": 1, "path": "001L0002", "placeholder": 18, "plugin_type": "ColumnPlugin"}, "model": "cms.cmsplugin", "pk": 1009}, {"fields": {"changed_date": "2016-11-10T05:25:29.724Z", "language": "zh", "parent": 1009, "numchild": 0, "creation_date": "2016-11-10T03:39:22.651Z", "depth": 3, "position": 0, "path": "001L00020001", "placeholder": 18, "plugin_type": "TextPlugin"}, "model": "cms.cmsplugin", "pk": 1010}, {"fields": {"changed_date": "2016-11-10T05:40:46.293Z", "language": "zh", "parent": 737, "numchild": 0, "creation_date": "2016-11-10T05:39:59.638Z", "depth": 6, "position": 0, "path": "001G00010001000200010003", "placeholder": 17, "plugin_type": "Bootstrap3ButtonCMSPlugin"}, "model": "cms.cmsplugin", "pk": 1013}, {"fields": {"changed_date": "2016-11-10T05:40:46.300Z", "language": "zh", "parent": 737, "numchild": 0, "creation_date": "2016-11-10T05:40:33.833Z", "depth": 6, "position": 1, "path": "001G00010001000200010004", "placeholder": 17, "plugin_type": "Bootstrap3ButtonCMSPlugin"}, "model": "cms.cmsplugin", "pk": 1014}, {"fields": {"changed_date": "2016-11-10T07:20:48.756Z", "language": "zh", "parent": null, "numchild": 0, "creation_date": "2016-11-08T03:12:15.766Z", "depth": 1, "position": 0, "path": "001M", "placeholder": 5, "plugin_type": "TextPlugin"}, "model": "cms.cmsplugin", "pk": 1015}, {"fields": {"changed_date": "2016-11-10T07:20:48.771Z", "language": "zh", "parent": null, "numchild": 1, "creation_date": "2016-11-09T03:44:52.714Z", "depth": 1, "position": 0, "path": "001N", "placeholder": 9, "plugin_type": "StylePlugin"}, "model": "cms.cmsplugin", "pk": 1016}, {"fields": {"changed_date": "2016-11-10T07:20:48.802Z", "language": "zh", "parent": 1016, "numchild": 0, "creation_date": "2016-11-09T03:46:39.585Z", "depth": 2, "position": 0, "path": "001N0001", "placeholder": 9, "plugin_type": "FilerImagePlugin"}, "model": "cms.cmsplugin", "pk": 1017}, {"fields": {"changed_date": "2016-11-10T07:56:30.277Z", "language": "zh", "parent": null, "numchild": 1, "creation_date": "2016-11-10T07:31:18.451Z", "depth": 1, "position": 1, "path": "001S", "placeholder": 10, "plugin_type": "BackgroundImagePlugin"}, "model": "cms.cmsplugin", "pk": 1042}, {"fields": {"changed_date": "2016-11-10T08:02:14.863Z", "language": "zh", "parent": null, "numchild": 3, "creation_date": "2016-11-10T08:02:14.858Z", "depth": 1, "position": 2, "path": "0028", "placeholder": 19, "plugin_type": "MultiColumnPlugin"}, "model": "cms.cmsplugin", "pk": 1234}, {"fields": {"changed_date": "2016-11-10T08:02:14.868Z", "language": "zh", "parent": 1234, "numchild": 2, "creation_date": "2016-11-10T08:02:14.866Z", "depth": 2, "position": 0, "path": "00280001", "placeholder": 19, "plugin_type": "ColumnPlugin"}, "model": "cms.cmsplugin", "pk": 1235}, {"fields": {"changed_date": "2016-11-10T08:02:14.873Z", "language": "zh", "parent": 1234, "numchild": 2, "creation_date": "2016-11-10T08:02:14.871Z", "depth": 2, "position": 1, "path": "00280002", "placeholder": 19, "plugin_type": "ColumnPlugin"}, "model": "cms.cmsplugin", "pk": 1236}, {"fields": {"changed_date": "2016-11-10T08:02:14.877Z", "language": "zh", "parent": 1234, "numchild": 2, "creation_date": "2016-11-10T08:02:14.875Z", "depth": 2, "position": 2, "path": "00280003", "placeholder": 19, "plugin_type": "ColumnPlugin"}, "model": "cms.cmsplugin", "pk": 1237}, {"fields": {"changed_date": "2016-11-10T08:05:10.565Z", "language": "zh", "parent": 1235, "numchild": 0, "creation_date": "2016-11-10T08:03:03.031Z", "depth": 3, "position": 0, "path": "002800010001", "placeholder": 19, "plugin_type": "TextPlugin"}, "model": "cms.cmsplugin", "pk": 1238}, {"fields": {"changed_date": "2016-11-10T08:05:52.707Z", "language": "zh", "parent": 1235, "numchild": 0, "creation_date": "2016-11-10T08:05:48.076Z", "depth": 3, "position": 1, "path": "002800010002", "placeholder": 19, "plugin_type": "TextPlugin"}, "model": "cms.cmsplugin", "pk": 1239}, {"fields": {"changed_date": "2016-11-10T08:16:04.280Z", "language": "zh", "parent": 1236, "numchild": 0, "creation_date": "2016-11-10T08:08:58.543Z", "depth": 3, "position": 0, "path": "002800020001", "placeholder": 19, "plugin_type": "TextPlugin"}, "model": "cms.cmsplugin", "pk": 1270}, {"fields": {"changed_date": "2016-11-10T08:16:31.776Z", "language": "zh", "parent": 1236, "numchild": 0, "creation_date": "2016-11-10T08:12:39.297Z", "depth": 3, "position": 1, "path": "002800020002", "placeholder": 19, "plugin_type": "TextPlugin"}, "model": "cms.cmsplugin", "pk": 1271}, {"fields": {"changed_date": "2016-11-10T08:16:16.620Z", "language": "zh", "parent": 1237, "numchild": 0, "creation_date": "2016-11-10T08:13:07.550Z", "depth": 3, "position": 0, "path": "002800030001", "placeholder": 19, "plugin_type": "TextPlugin"}, "model": "cms.cmsplugin", "pk": 1272}, {"fields": {"changed_date": "2016-11-10T08:16:55.312Z", "language": "zh", "parent": 1237, "numchild": 0, "creation_date": "2016-11-10T08:14:24.306Z", "depth": 3, "position": 1, "path": "002800030002", "placeholder": 19, "plugin_type": "TextPlugin"}, "model": "cms.cmsplugin", "pk": 1273}, {"fields": {"changed_date": "2016-11-10T08:18:15.796Z", "language": "zh", "parent": null, "numchild": 2, "creation_date": "2016-11-10T08:18:15.790Z", "depth": 1, "position": 0, "path": "002L", "placeholder": 19, "plugin_type": "MultiColumnPlugin"}, "model": "cms.cmsplugin", "pk": 1342}, {"fields": {"changed_date": "2016-11-10T08:18:15.799Z", "language": "zh", "parent": 1342, "numchild": 1, "creation_date": "2016-11-10T08:18:15.798Z", "depth": 2, "position": 0, "path": "002L0001", "placeholder": 19, "plugin_type": "ColumnPlugin"}, "model": "cms.cmsplugin", "pk": 1343}, {"fields": {"changed_date": "2016-11-10T08:18:37.963Z", "language": "zh", "parent": 1342, "numchild": 1, "creation_date": "2016-11-10T08:18:15.802Z", "depth": 2, "position": 1, "path": "002L0002", "placeholder": 19, "plugin_type": "ColumnPlugin"}, "model": "cms.cmsplugin", "pk": 1344}, {"fields": {"changed_date": "2016-11-10T08:33:06.873Z", "language": "zh", "parent": 1344, "numchild": 0, "creation_date": "2016-11-10T08:18:47.091Z", "depth": 3, "position": 0, "path": "002L00020001", "placeholder": 19, "plugin_type": "TextPlugin"}, "model": "cms.cmsplugin", "pk": 1345}, {"fields": {"changed_date": "2016-11-10T08:39:43.447Z", "language": "zh", "parent": 1470, "numchild": 0, "creation_date": "2016-11-10T08:19:46.703Z", "depth": 5, "position": 0, "path": "002L0001000300020001", "placeholder": 19, "plugin_type": "TextPlugin"}, "model": "cms.cmsplugin", "pk": 1346}, {"fields": {"changed_date": "2016-11-10T08:20:40.720Z", "language": "zh", "parent": 1469, "numchild": 0, "creation_date": "2016-11-10T08:20:29.148Z", "depth": 5, "position": 0, "path": "002L0001000300010001", "placeholder": 19, "plugin_type": "TextPlugin"}, "model": "cms.cmsplugin", "pk": 1347}, {"fields": {"changed_date": "2016-11-10T08:26:55.779Z", "language": "zh", "parent": 1343, "numchild": 2, "creation_date": "2016-11-10T08:26:55.773Z", "depth": 3, "position": 2, "path": "002L00010003", "placeholder": 19, "plugin_type": "MultiColumnPlugin"}, "model": "cms.cmsplugin", "pk": 1468}, {"fields": {"changed_date": "2016-11-10T08:26:55.784Z", "language": "zh", "parent": 1468, "numchild": 1, "creation_date": "2016-11-10T08:26:55.782Z", "depth": 4, "position": 0, "path": "002L000100030001", "placeholder": 19, "plugin_type": "ColumnPlugin"}, "model": "cms.cmsplugin", "pk": 1469}, {"fields": {"changed_date": "2016-11-10T08:27:09.899Z", "language": "zh", "parent": 1468, "numchild": 1, "creation_date": "2016-11-10T08:26:55.788Z", "depth": 4, "position": 1, "path": "002L000100030002", "placeholder": 19, "plugin_type": "ColumnPlugin"}, "model": "cms.cmsplugin", "pk": 1470}, {"fields": {"changed_date": "2016-11-10T08:39:59.878Z", "language": "zh", "parent": null, "numchild": 0, "creation_date": "2016-11-10T08:39:56.290Z", "depth": 1, "position": 1, "path": "003I", "placeholder": 19, "plugin_type": "TextPlugin"}, "model": "cms.cmsplugin", "pk": 1557}, {"fields": {"changed_date": "2016-11-10T08:40:06.389Z", "language": "zh", "parent": null, "numchild": 3, "creation_date": "2016-11-10T08:02:14.858Z", "depth": 1, "position": 2, "path": "003F", "placeholder": 20, "plugin_type": "MultiColumnPlugin"}, "model": "cms.cmsplugin", "pk": 1582}, {"fields": {"changed_date": "2016-11-10T08:40:06.399Z", "language": "zh", "parent": 1582, "numchild": 2, "creation_date": "2016-11-10T08:02:14.866Z", "depth": 2, "position": 0, "path": "003F0001", "placeholder": 20, "plugin_type": "ColumnPlugin"}, "model": "cms.cmsplugin", "pk": 1583}, {"fields": {"changed_date": "2016-11-10T08:40:06.590Z", "language": "zh", "parent": 1583, "numchild": 0, "creation_date": "2016-11-10T08:03:03.031Z", "depth": 3, "position": 0, "path": "003F00010001", "placeholder": 20, "plugin_type": "TextPlugin"}, "model": "cms.cmsplugin", "pk": 1584}, {"fields": {"changed_date": "2016-11-10T08:40:06.599Z", "language": "zh", "parent": 1583, "numchild": 0, "creation_date": "2016-11-10T08:05:48.076Z", "depth": 3, "position": 1, "path": "003F00010002", "placeholder": 20, "plugin_type": "TextPlugin"}, "model": "cms.cmsplugin", "pk": 1585}, {"fields": {"changed_date": "2016-11-10T08:40:06.435Z", "language": "zh", "parent": 1582, "numchild": 2, "creation_date": "2016-11-10T08:02:14.871Z", "depth": 2, "position": 1, "path": "003F0002", "placeholder": 20, "plugin_type": "ColumnPlugin"}, "model": "cms.cmsplugin", "pk": 1586}, {"fields": {"changed_date": "2016-11-10T08:40:06.611Z", "language": "zh", "parent": 1586, "numchild": 0, "creation_date": "2016-11-10T08:08:58.543Z", "depth": 3, "position": 0, "path": "003F00020001", "placeholder": 20, "plugin_type": "TextPlugin"}, "model": "cms.cmsplugin", "pk": 1587}, {"fields": {"changed_date": "2016-11-10T08:40:06.619Z", "language": "zh", "parent": 1586, "numchild": 0, "creation_date": "2016-11-10T08:12:39.297Z", "depth": 3, "position": 1, "path": "003F00020002", "placeholder": 20, "plugin_type": "TextPlugin"}, "model": "cms.cmsplugin", "pk": 1588}, {"fields": {"changed_date": "2016-11-10T08:40:06.466Z", "language": "zh", "parent": 1582, "numchild": 2, "creation_date": "2016-11-10T08:02:14.875Z", "depth": 2, "position": 2, "path": "003F0003", "placeholder": 20, "plugin_type": "ColumnPlugin"}, "model": "cms.cmsplugin", "pk": 1589}, {"fields": {"changed_date": "2016-11-10T08:40:06.630Z", "language": "zh", "parent": 1589, "numchild": 0, "creation_date": "2016-11-10T08:13:07.550Z", "depth": 3, "position": 0, "path": "003F00030001", "placeholder": 20, "plugin_type": "TextPlugin"}, "model": "cms.cmsplugin", "pk": 1590}, {"fields": {"changed_date": "2016-11-10T08:40:06.637Z", "language": "zh", "parent": 1589, "numchild": 0, "creation_date": "2016-11-10T08:14:24.306Z", "depth": 3, "position": 1, "path": "003F00030002", "placeholder": 20, "plugin_type": "TextPlugin"}, "model": "cms.cmsplugin", "pk": 1591}, {"fields": {"changed_date": "2016-11-10T08:40:06.497Z", "language": "zh", "parent": null, "numchild": 2, "creation_date": "2016-11-10T08:18:15.790Z", "depth": 1, "position": 0, "path": "003G", "placeholder": 20, "plugin_type": "MultiColumnPlugin"}, "model": "cms.cmsplugin", "pk": 1592}, {"fields": {"changed_date": "2016-11-10T08:40:06.504Z", "language": "zh", "parent": 1592, "numchild": 1, "creation_date": "2016-11-10T08:18:15.798Z", "depth": 2, "position": 0, "path": "003G0001", "placeholder": 20, "plugin_type": "ColumnPlugin"}, "model": "cms.cmsplugin", "pk": 1593}, {"fields": {"changed_date": "2016-11-10T08:40:06.514Z", "language": "zh", "parent": 1593, "numchild": 2, "creation_date": "2016-11-10T08:26:55.773Z", "depth": 3, "position": 2, "path": "003G00010001", "placeholder": 20, "plugin_type": "MultiColumnPlugin"}, "model": "cms.cmsplugin", "pk": 1594}, {"fields": {"changed_date": "2016-11-10T08:40:06.521Z", "language": "zh", "parent": 1594, "numchild": 1, "creation_date": "2016-11-10T08:26:55.782Z", "depth": 4, "position": 0, "path": "003G000100010001", "placeholder": 20, "plugin_type": "ColumnPlugin"}, "model": "cms.cmsplugin", "pk": 1595}, {"fields": {"changed_date": "2016-11-10T08:40:06.652Z", "language": "zh", "parent": 1595, "numchild": 0, "creation_date": "2016-11-10T08:20:29.148Z", "depth": 5, "position": 0, "path": "003G0001000100010001", "placeholder": 20, "plugin_type": "TextPlugin"}, "model": "cms.cmsplugin", "pk": 1596}, {"fields": {"changed_date": "2016-11-10T08:40:06.540Z", "language": "zh", "parent": 1594, "numchild": 1, "creation_date": "2016-11-10T08:26:55.788Z", "depth": 4, "position": 1, "path": "003G000100010002", "placeholder": 20, "plugin_type": "ColumnPlugin"}, "model": "cms.cmsplugin", "pk": 1597}, {"fields": {"changed_date": "2016-11-10T08:40:06.660Z", "language": "zh", "parent": 1597, "numchild": 0, "creation_date": "2016-11-10T08:19:46.703Z", "depth": 5, "position": 0, "path": "003G0001000100020001", "placeholder": 20, "plugin_type": "TextPlugin"}, "model": "cms.cmsplugin", "pk": 1598}, {"fields": {"changed_date": "2016-11-10T08:40:06.562Z", "language": "zh", "parent": 1592, "numchild": 1, "creation_date": "2016-11-10T08:18:15.802Z", "depth": 2, "position": 1, "path": "003G0002", "placeholder": 20, "plugin_type": "ColumnPlugin"}, "model": "cms.cmsplugin", "pk": 1599}, {"fields": {"changed_date": "2016-11-10T08:40:06.672Z", "language": "zh", "parent": 1599, "numchild": 0, "creation_date": "2016-11-10T08:18:47.091Z", "depth": 3, "position": 0, "path": "003G00020001", "placeholder": 20, "plugin_type": "TextPlugin"}, "model": "cms.cmsplugin", "pk": 1600}, {"fields": {"changed_date": "2016-11-10T08:40:06.680Z", "language": "zh", "parent": null, "numchild": 0, "creation_date": "2016-11-10T08:39:56.290Z", "depth": 1, "position": 1, "path": "003H", "placeholder": 20, "plugin_type": "TextPlugin"}, "model": "cms.cmsplugin", "pk": 1601}, {"fields": {"changed_date": "2016-11-10T08:47:27.755Z", "language": "zh", "parent": null, "numchild": 2, "creation_date": "2016-11-09T06:08:52.062Z", "depth": 1, "position": 0, "path": "003J", "placeholder": 3, "plugin_type": "MultiColumnPlugin"}, "model": "cms.cmsplugin", "pk": 1602}, {"fields": {"changed_date": "2016-11-10T08:47:27.762Z", "language": "zh", "parent": 1602, "numchild": 2, "creation_date": "2016-11-09T06:08:52.068Z", "depth": 2, "position": 0, "path": "003J0001", "placeholder": 3, "plugin_type": "ColumnPlugin"}, "model": "cms.cmsplugin", "pk": 1603}, {"fields": {"changed_date": "2016-11-10T08:47:27.846Z", "language": "zh", "parent": 1603, "numchild": 1, "creation_date": "2016-11-09T06:12:00.027Z", "depth": 3, "position": 1, "path": "003J00010001", "placeholder": 3, "plugin_type": "TextPlugin"}, "model": "cms.cmsplugin", "pk": 1604}, {"fields": {"changed_date": "2016-11-10T08:47:27.779Z", "language": "zh", "parent": 1604, "numchild": 0, "creation_date": "2016-11-10T02:18:17.902Z", "depth": 4, "position": 0, "path": "003J000100010001", "placeholder": 3, "plugin_type": "Bootstrap3ButtonCMSPlugin"}, "model": "cms.cmsplugin", "pk": 1605}, {"fields": {"changed_date": "2016-11-10T08:47:27.794Z", "language": "zh", "parent": 1603, "numchild": 0, "creation_date": "2016-11-09T06:13:17.377Z", "depth": 3, "position": 0, "path": "003J00010002", "placeholder": 3, "plugin_type": "FilerImagePlugin"}, "model": "cms.cmsplugin", "pk": 1606}, {"fields": {"changed_date": "2016-11-10T08:47:27.805Z", "language": "zh", "parent": 1602, "numchild": 2, "creation_date": "2016-11-09T06:08:52.073Z", "depth": 2, "position": 1, "path": "003J0002", "placeholder": 3, "plugin_type": "ColumnPlugin"}, "model": "cms.cmsplugin", "pk": 1607}, {"fields": {"changed_date": "2016-11-10T08:47:27.859Z", "language": "zh", "parent": 1607, "numchild": 1, "creation_date": "2016-11-09T06:13:31.366Z", "depth": 3, "position": 0, "path": "003J00020001", "placeholder": 3, "plugin_type": "TextPlugin"}, "model": "cms.cmsplugin", "pk": 1608}, {"fields": {"changed_date": "2016-11-10T08:47:27.823Z", "language": "zh", "parent": 1608, "numchild": 0, "creation_date": "2016-11-10T02:19:12.696Z", "depth": 4, "position": 0, "path": "003J000200010001", "placeholder": 3, "plugin_type": "Bootstrap3ButtonCMSPlugin"}, "model": "cms.cmsplugin", "pk": 1609}, {"fields": {"changed_date": "2016-11-10T08:47:27.836Z", "language": "zh", "parent": 1607, "numchild": 0, "creation_date": "2016-11-09T06:14:12.768Z", "depth": 3, "position": 1, "path": "003J00020002", "placeholder": 3, "plugin_type": "FilerImagePlugin"}, "model": "cms.cmsplugin", "pk": 1610}, {"fields": {"changed_date": "2016-11-10T08:47:27.887Z", "language": "zh", "parent": null, "numchild": 1, "creation_date": "2016-11-09T05:22:33.267Z", "depth": 1, "position": 0, "path": "003K", "placeholder": 8, "plugin_type": "StylePlugin"}, "model": "cms.cmsplugin", "pk": 1611}, {"fields": {"changed_date": "2016-11-10T08:47:27.895Z", "language": "zh", "parent": 1611, "numchild": 1, "creation_date": "2016-11-09T06:50:24.516Z", "depth": 2, "position": 0, "path": "003K0001", "placeholder": 8, "plugin_type": "BackgroundImagePlugin"}, "model": "cms.cmsplugin", "pk": 1612}, {"fields": {"changed_date": "2016-11-10T08:47:27.903Z", "language": "zh", "parent": 1612, "numchild": 2, "creation_date": "2016-11-09T07:32:02.600Z", "depth": 3, "position": 0, "path": "003K00010001", "placeholder": 8, "plugin_type": "StylePlugin"}, "model": "cms.cmsplugin", "pk": 1613}, {"fields": {"changed_date": "2016-11-10T08:47:27.910Z", "language": "zh", "parent": 1613, "numchild": 1, "creation_date": "2016-11-09T07:32:45.357Z", "depth": 4, "position": 0, "path": "003K000100010001", "placeholder": 8, "plugin_type": "Bootstrap3RowCMSPlugin"}, "model": "cms.cmsplugin", "pk": 1614}, {"fields": {"changed_date": "2016-11-10T08:47:27.918Z", "language": "zh", "parent": 1614, "numchild": 1, "creation_date": "2016-11-09T07:32:45.364Z", "depth": 5, "position": 0, "path": "003K0001000100010001", "placeholder": 8, "plugin_type": "Bootstrap3ColumnCMSPlugin"}, "model": "cms.cmsplugin", "pk": 1615}, {"fields": {"changed_date": "2016-11-10T08:47:27.927Z", "language": "zh", "parent": 1615, "numchild": 2, "creation_date": "2016-11-09T07:34:31.382Z", "depth": 6, "position": 0, "path": "003K00010001000100010001", "placeholder": 8, "plugin_type": "StylePlugin"}, "model": "cms.cmsplugin", "pk": 1616}, {"fields": {"changed_date": "2016-11-10T08:47:28.027Z", "language": "zh", "parent": 1616, "numchild": 0, "creation_date": "2016-11-09T06:52:22.910Z", "depth": 7, "position": 0, "path": "003K000100010001000100010001", "placeholder": 8, "plugin_type": "TextPlugin"}, "model": "cms.cmsplugin", "pk": 1617}, {"fields": {"changed_date": "2016-11-10T08:47:28.035Z", "language": "zh", "parent": 1616, "numchild": 0, "creation_date": "2016-11-09T06:53:06.888Z", "depth": 7, "position": 1, "path": "003K000100010001000100010002", "placeholder": 8, "plugin_type": "TextPlugin"}, "model": "cms.cmsplugin", "pk": 1618}, {"fields": {"changed_date": "2016-11-10T08:47:27.956Z", "language": "zh", "parent": 1613, "numchild": 1, "creation_date": "2016-11-09T07:47:56.582Z", "depth": 4, "position": 2, "path": "003K000100010002", "placeholder": 8, "plugin_type": "Bootstrap3RowCMSPlugin"}, "model": "cms.cmsplugin", "pk": 1619}, {"fields": {"changed_date": "2016-11-10T08:47:27.964Z", "language": "zh", "parent": 1619, "numchild": 1, "creation_date": "2016-11-09T07:50:49.551Z", "depth": 5, "position": 0, "path": "003K0001000100020001", "placeholder": 8, "plugin_type": "Bootstrap3ColumnCMSPlugin"}, "model": "cms.cmsplugin", "pk": 1620}, {"fields": {"changed_date": "2016-11-10T08:47:27.976Z", "language": "zh", "parent": 1620, "numchild": 1, "creation_date": "2016-11-09T07:51:22.278Z", "depth": 6, "position": 0, "path": "003K00010001000200010001", "placeholder": 8, "plugin_type": "StylePlugin"}, "model": "cms.cmsplugin", "pk": 1621}, {"fields": {"changed_date": "2016-11-10T08:47:28.048Z", "language": "zh", "parent": 1621, "numchild": 1, "creation_date": "2016-11-09T07:53:25.928Z", "depth": 7, "position": 0, "path": "003K000100010002000100010001", "placeholder": 8, "plugin_type": "TextPlugin"}, "model": "cms.cmsplugin", "pk": 1622}, {"fields": {"changed_date": "2016-11-10T08:47:27.995Z", "language": "zh", "parent": 1622, "numchild": 0, "creation_date": "2016-11-09T07:54:13.827Z", "depth": 8, "position": 0, "path": "003K0001000100020001000100010001", "placeholder": 8, "plugin_type": "Bootstrap3ButtonCMSPlugin"}, "model": "cms.cmsplugin", "pk": 1623}, {"fields": {"changed_date": "2016-11-10T08:47:28.003Z", "language": "zh", "parent": null, "numchild": 1, "creation_date": "2016-11-10T07:31:18.451Z", "depth": 1, "position": 1, "path": "003L", "placeholder": 8, "plugin_type": "BackgroundImagePlugin"}, "model": "cms.cmsplugin", "pk": 1624}, {"fields": {"changed_date": "2016-11-10T08:47:28.058Z", "language": "zh", "parent": 1624, "numchild": 0, "creation_date": "2016-11-08T06:43:34.404Z", "depth": 2, "position": 0, "path": "003L0001", "placeholder": 8, "plugin_type": "TextPlugin"}, "model": "cms.cmsplugin", "pk": 1625}, {"fields": {"menu_title": null, "meta_description": null, "page_title": null, "language": "zh", "title": "Home", "has_url_overwrite": false, "redirect": null, "publisher_is_draft": true, "page": 1, "published": true, "path": "", "publisher_state": 0, "creation_date": "2016-11-08T03:10:44.304Z", "slug": "home", "publisher_public": 2}, "model": "cms.title", "pk": 1}, {"fields": {"menu_title": null, "meta_description": null, "page_title": null, "language": "zh", "title": "Home", "has_url_overwrite": false, "redirect": null, "publisher_is_draft": false, "page": 2, "published": true, "path": "", "publisher_state": 1, "creation_date": "2016-11-08T03:10:44.304Z", "slug": "home", "publisher_public": 1}, "model": "cms.title", "pk": 2}, {"fields": {"menu_title": null, "meta_description": null, "page_title": null, "language": "zh", "title": "Blog", "has_url_overwrite": false, "redirect": null, "publisher_is_draft": true, "page": 3, "published": true, "path": "blog", "publisher_state": 0, "creation_date": "2016-11-08T03:12:15.398Z", "slug": "blog", "publisher_public": 4}, "model": "cms.title", "pk": 3}, {"fields": {"menu_title": null, "meta_description": null, "page_title": null, "language": "zh", "title": "Blog", "has_url_overwrite": false, "redirect": null, "publisher_is_draft": false, "page": 4, "published": true, "path": "blog", "publisher_state": 1, "creation_date": "2016-11-08T03:12:15.398Z", "slug": "blog", "publisher_public": 3}, "model": "cms.title", "pk": 4}, {"fields": {"menu_title": "", "meta_description": "", "page_title": "", "language": "zh", "title": "Product", "has_url_overwrite": false, "redirect": null, "publisher_is_draft": true, "page": 6, "published": true, "path": "product", "publisher_state": 1, "creation_date": "2016-11-09T06:04:40.205Z", "slug": "product", "publisher_public": 7}, "model": "cms.title", "pk": 6}, {"fields": {"menu_title": "", "meta_description": "", "page_title": "", "language": "zh", "title": "Product", "has_url_overwrite": false, "redirect": null, "publisher_is_draft": false, "page": 7, "published": true, "path": "product", "publisher_state": 0, "creation_date": "2016-11-09T06:04:40.205Z", "slug": "product", "publisher_public": 6}, "model": "cms.title", "pk": 7}, {"fields": {"code": "footer", "name": "", "creation_method": "template", "site": 1, "draft": 17, "dirty": true, "public": 18}, "model": "cms.staticplaceholder", "pk": 1}, {"fields": {"code": "footer", "name": "", "creation_method": "template", "site": null, "draft": 19, "dirty": true, "public": 20}, "model": "cms.staticplaceholder", "pk": 2}, {"fields": {"revision": "dd0977ba-9be1-49fb-b2f3-5571b48dcf37"}, "model": "cms.urlconfrevision", "pk": 1}, {"fields": {"key": "menu_cache_menu_nodes_zh_1_2_user", "site": 1, "language": "zh"}, "model": "menus.cachekey", "pk": 245}, {"fields": {"body": "<p>Blog page</p>\n"}, "model": "djangocms_text_ckeditor.text", "pk": 3}, {"fields": {"body": "<p style=\"text-align: center;\">\u00a0</p>\n\n<p style=\"text-align: center;\"><span style=\"color: #f0f8ff;\">35,000+ customers use Moz,\u00a0including:</span></p>\n\n<p style=\"text-align: center;\">\u00a0</p>\n\n<p style=\"text-align: center;\">\u00a0</p>\n\n<p style=\"text-align: center;\">\u00a0</p>\n"}, "model": "djangocms_text_ckeditor.text", "pk": 19}, {"fields": {"body": "<h2 style=\"text-align: center;\">Connect</h2>\n\n<p style=\"text-align: center;\">We're backed by the largest community of global online marketers on the planet \u2013 500,000 and counting. Join in the conversation or ask for\u00a0advice.</p>\n\n<p style=\"text-align: center;\"><cms-plugin title=\"Link/Button - SEO &amp; Search  |  Local Search\" alt=\"Link/Button - SEO &amp; Search  |  Local Search \" id=\"673\"></cms-plugin></p>\n"}, "model": "djangocms_text_ckeditor.text", "pk": 203}, {"fields": {"body": "<h2 style=\"text-align: center;\">Learn</h2>\n\n<p style=\"text-align: center;\">We've spent over a decade in the trenches of search and have a lot to share. From informative Beginner's Guides to Mozinars to accessing our knowledge base, there's no better place for online and SEO\u00a0education.</p>\n\n<p style=\"text-align: center;\"><cms-plugin title=\"Link/Button - Join in our Community\" alt=\"Link/Button - Join in our Community \" id=\"700\"></cms-plugin></p>\n"}, "model": "djangocms_text_ckeditor.text", "pk": 205}, {"fields": {"body": "<h1 style=\"text-align: center; margin-left: 360px;\">\u00a0</h1>\n\n<h1 style=\"text-align: center; margin-left: 440px;\"><span style=\"color: #faebd7;\"><strong>Products to Power<br>\nYour Online Visibility.</strong></span></h1>\n"}, "model": "djangocms_text_ckeditor.text", "pk": 298}, {"fields": {"body": "<h4 style=\"text-align: center; margin-left: 440px;\"><span style=\"color: #d3d3d3;\">Online marketing is complicated. Moz software makes it easy.</span></h4>\n"}, "model": "djangocms_text_ckeditor.text", "pk": 299}, {"fields": {"body": "<h2 style=\"font-style: italic; text-align: center; margin-left: 440px;\"><big><cms-plugin title=\"Link/Button - Product For Detail \" alt=\"Link/Button - Product For Detail  \" id=\"495\"></cms-plugin></big></h2>\n\n<p>\u00a0</p>\n"}, "model": "djangocms_text_ckeditor.text", "pk": 494}, {"fields": {"body": "<p>\u00a0<cms-plugin title=\"Link/Button - Link\" alt=\"Link/Button - Link \" id=\"1014\"></cms-plugin>\u00a0<cms-plugin title=\"Link/Button - \" alt=\"Link/Button -  \" id=\"1013\"></cms-plugin>\u00a0\u00a0\u00a0<cms-plugin title=\"Link/Button - Link\" alt=\"Link/Button - Link \" id=\"1014\"></cms-plugin>\u00a0<cms-plugin title=\"Link/Button - \" alt=\"Link/Button -  \" id=\"1013\"></cms-plugin>\u00a0\u00a0\u00a0<cms-plugin title=\"Link/Button - Link\" alt=\"Link/Button - Link \" id=\"1014\"></cms-plugin>\u00a0<cms-plugin title=\"Link/Button - \" alt=\"Link/Button -  \" id=\"1013\"></cms-plugin>\u00a0\u00a0\u00a0<cms-plugin title=\"Link/Button - Link\" alt=\"Link/Button - Link \" id=\"1014\"></cms-plugin>\u00a0<cms-plugin title=\"Link/Button - \" alt=\"Link/Button -  \" id=\"1013\"></cms-plugin>\u00a0\u00a0</p>\n"}, "model": "djangocms_text_ckeditor.text", "pk": 737}, {"fields": {"body": "<p style=\"text-align: right;\">Copyright 2016 \u00a9 Moz, Inc. All rights reserved.</p>\n"}, "model": "djangocms_text_ckeditor.text", "pk": 846}, {"fields": {"body": "<p>\u00a0\u00a0<cms-plugin title=\"Link/Button - link\" alt=\"Link/Button - link \" id=\"1008\"></cms-plugin>\u00a0 \u00a0<cms-plugin title=\"Link/Button - link\" alt=\"Link/Button - link \" id=\"1008\"></cms-plugin>\u00a0 \u00a0<cms-plugin title=\"Link/Button - link\" alt=\"Link/Button - link \" id=\"1008\"></cms-plugin>\u00a0 \u00a0<cms-plugin title=\"Link/Button - link\" alt=\"Link/Button - link \" id=\"1008\"></cms-plugin>\u00a0 \u00a0<cms-plugin title=\"Link/Button - link\" alt=\"Link/Button - link \" id=\"1008\"></cms-plugin>\u00a0 \u00a0</p>\n"}, "model": "djangocms_text_ckeditor.text", "pk": 1007}, {"fields": {"body": "<p style=\"text-align: right;\">Copyright 2016 \u00a9 Moz, Inc. All rights reserved.</p>\n"}, "model": "djangocms_text_ckeditor.text", "pk": 1010}, {"fields": {"body": "<p>Blog page</p>\n"}, "model": "djangocms_text_ckeditor.text", "pk": 1015}, {"fields": {"body": "<ul>\n\t<li><strong>SEO Tools</strong></li>\n</ul>\n"}, "model": "djangocms_text_ckeditor.text", "pk": 1238}, {"fields": {"body": "<ul>\n\t<li><a href=\"https://moz.com/products/pro/keyword-explorer\">Keyword Research</a></li>\n\t<li><a href=\"https://moz.com/tools/crawl-test\">SEO Audit &amp; Crawl</a></li>\n\t<li><a href=\"https://moz.com/researchtools/ose/\">Backlink Research</a></li>\n\t<li><a href=\"https://moz.com/tools/rank-tracker\">Rank Tracking</a></li>\n\t<li><a href=\"https://moz.com/products/pro/seo-toolbar\">SEO Toolbar</a></li>\n</ul>\n"}, "model": "djangocms_text_ckeditor.text", "pk": 1239}, {"fields": {"body": "<ul>\n\t<li><strong>Local Marketing</strong></li>\n</ul>\n"}, "model": "djangocms_text_ckeditor.text", "pk": 1270}, {"fields": {"body": "<ul>\n\t<li><a href=\"https://moz.com/local/search\">Business Listings Audit</a></li>\n\t<li><a href=\"https://moz.com/local/whitepapers/citation-cleanup\">Citation Cleanup</a></li>\n\t<li><a href=\"https://moz.com/local-search-ranking-factors\">Local Ranking Factors</a></li>\n\t<li><a href=\"https://moz.com/local/enterprise\">Local For Enterprise</a></li>\n</ul>\n"}, "model": "djangocms_text_ckeditor.text", "pk": 1271}, {"fields": {"body": "<ul>\n\t<li><strong>Marketing Resources</strong></li>\n</ul>\n"}, "model": "djangocms_text_ckeditor.text", "pk": 1272}, {"fields": {"body": "<ul>\n\t<li><a href=\"https://moz.com/blog\">Moz Blog</a></li>\n\t<li><a href=\"https://moz.com/beginners-guide-to-seo\">Beginner\u2019s Guide To SEO</a></li>\n\t<li><a href=\"https://moz.com/community/q\">Community Q&amp;A</a></li>\n\t<li><a href=\"https://moz.com/training\">Workshops &amp; Training</a></li>\n\t<li><a href=\"https://moz.com/rand/recommended-list-seo-consultants/\">Recommended SEO Companies</a></li>\n</ul>\n\n<p>\u00a0</p>\n"}, "model": "djangocms_text_ckeditor.text", "pk": 1273}, {"fields": {"body": "<p><font size=\"2\">Copyright 2016 \u00a9 Moz, Inc. All rights reserved.</font></p>\n"}, "model": "djangocms_text_ckeditor.text", "pk": 1345}, {"fields": {"body": "<p><font size=\"3\"><a href=\"https://moz.com/about/contact\">Contact</a>\u00a0 \u00a0<a href=\"https://moz.com/products\">Products</a>\u00a0\u00a0 <a href=\"https://moz.com/products/api\">API</a>\u00a0 \u00a0<a href=\"https://moz.com/terms-privacy\">Terms &amp; Privacy</a>\u00a0 \u00a0<a href=\"https://moz.com/about/jobs\">Jobs</a>\u00a0\u00a0 <a href=\"https://moz.com/help\">Help</a></font></p>\n\n<p>\u00a0</p>\n"}, "model": "djangocms_text_ckeditor.text", "pk": 1346}, {"fields": {"body": "<p>logo placeholder</p>\n"}, "model": "djangocms_text_ckeditor.text", "pk": 1347}, {"fields": {"body": "<hr>\n<p>\u00a0</p>\n"}, "model": "djangocms_text_ckeditor.text", "pk": 1557}, {"fields": {"body": "<ul>\n\t<li><strong>SEO Tools</strong></li>\n</ul>\n"}, "model": "djangocms_text_ckeditor.text", "pk": 1584}, {"fields": {"body": "<ul>\n\t<li><a href=\"https://moz.com/products/pro/keyword-explorer\">Keyword Research</a></li>\n\t<li><a href=\"https://moz.com/tools/crawl-test\">SEO Audit &amp; Crawl</a></li>\n\t<li><a href=\"https://moz.com/researchtools/ose/\">Backlink Research</a></li>\n\t<li><a href=\"https://moz.com/tools/rank-tracker\">Rank Tracking</a></li>\n\t<li><a href=\"https://moz.com/products/pro/seo-toolbar\">SEO Toolbar</a></li>\n</ul>\n"}, "model": "djangocms_text_ckeditor.text", "pk": 1585}, {"fields": {"body": "<ul>\n\t<li><strong>Local Marketing</strong></li>\n</ul>\n"}, "model": "djangocms_text_ckeditor.text", "pk": 1587}, {"fields": {"body": "<ul>\n\t<li><a href=\"https://moz.com/local/search\">Business Listings Audit</a></li>\n\t<li><a href=\"https://moz.com/local/whitepapers/citation-cleanup\">Citation Cleanup</a></li>\n\t<li><a href=\"https://moz.com/local-search-ranking-factors\">Local Ranking Factors</a></li>\n\t<li><a href=\"https://moz.com/local/enterprise\">Local For Enterprise</a></li>\n</ul>\n"}, "model": "djangocms_text_ckeditor.text", "pk": 1588}, {"fields": {"body": "<ul>\n\t<li><strong>Marketing Resources</strong></li>\n</ul>\n"}, "model": "djangocms_text_ckeditor.text", "pk": 1590}, {"fields": {"body": "<ul>\n\t<li><a href=\"https://moz.com/blog\">Moz Blog</a></li>\n\t<li><a href=\"https://moz.com/beginners-guide-to-seo\">Beginner\u2019s Guide To SEO</a></li>\n\t<li><a href=\"https://moz.com/community/q\">Community Q&amp;A</a></li>\n\t<li><a href=\"https://moz.com/training\">Workshops &amp; Training</a></li>\n\t<li><a href=\"https://moz.com/rand/recommended-list-seo-consultants/\">Recommended SEO Companies</a></li>\n</ul>\n\n<p>\u00a0</p>\n"}, "model": "djangocms_text_ckeditor.text", "pk": 1591}, {"fields": {"body": "<p>logo placeholder</p>\n"}, "model": "djangocms_text_ckeditor.text", "pk": 1596}, {"fields": {"body": "<p><font size=\"3\"><a href=\"https://moz.com/about/contact\">Contact</a>\u00a0 \u00a0<a href=\"https://moz.com/products\">Products</a>\u00a0\u00a0 <a href=\"https://moz.com/products/api\">API</a>\u00a0 \u00a0<a href=\"https://moz.com/terms-privacy\">Terms &amp; Privacy</a>\u00a0 \u00a0<a href=\"https://moz.com/about/jobs\">Jobs</a>\u00a0\u00a0 <a href=\"https://moz.com/help\">Help</a></font></p>\n\n<p>\u00a0</p>\n"}, "model": "djangocms_text_ckeditor.text", "pk": 1598}, {"fields": {"body": "<p><font size=\"2\">Copyright 2016 \u00a9 Moz, Inc. All rights reserved.</font></p>\n"}, "model": "djangocms_text_ckeditor.text", "pk": 1600}, {"fields": {"body": "<hr>\n<p>\u00a0</p>\n"}, "model": "djangocms_text_ckeditor.text", "pk": 1601}, {"fields": {"body": "<h2 style=\"text-align: center;\">Connect</h2>\n\n<p style=\"text-align: center;\">We're backed by the largest community of global online marketers on the planet \u2013 500,000 and counting. Join in the conversation or ask for\u00a0advice.</p>\n\n<p style=\"text-align: center;\"><cms-plugin title=\"Link/Button - SEO &amp; Search  |  Local Search\" alt=\"Link/Button - SEO &amp; Search  |  Local Search \" id=\"1605\"></cms-plugin></p>\n"}, "model": "djangocms_text_ckeditor.text", "pk": 1604}, {"fields": {"body": "<h2 style=\"text-align: center;\">Learn</h2>\n\n<p style=\"text-align: center;\">We've spent over a decade in the trenches of search and have a lot to share. From informative Beginner's Guides to Mozinars to accessing our knowledge base, there's no better place for online and SEO\u00a0education.</p>\n\n<p style=\"text-align: center;\"><cms-plugin title=\"Link/Button - Join in our Community\" alt=\"Link/Button - Join in our Community \" id=\"1609\"></cms-plugin></p>\n"}, "model": "djangocms_text_ckeditor.text", "pk": 1608}, {"fields": {"body": "<h1 style=\"text-align: center; margin-left: 360px;\">\u00a0</h1>\n\n<h1 style=\"text-align: center; margin-left: 440px;\"><span style=\"color: #faebd7;\"><strong>Products to Power<br>\nYour Online Visibility.</strong></span></h1>\n"}, "model": "djangocms_text_ckeditor.text", "pk": 1617}, {"fields": {"body": "<h4 style=\"text-align: center; margin-left: 440px;\"><span style=\"color: #d3d3d3;\">Online marketing is complicated. Moz software makes it easy.</span></h4>\n"}, "model": "djangocms_text_ckeditor.text", "pk": 1618}, {"fields": {"body": "<h2 style=\"font-style: italic; text-align: center; margin-left: 440px;\"><big><cms-plugin title=\"Link/Button - Product For Detail \" alt=\"Link/Button - Product For Detail  \" id=\"1623\"></cms-plugin></big></h2>\n\n<p>\u00a0</p>\n"}, "model": "djangocms_text_ckeditor.text", "pk": 1622}, {"fields": {"body": "<p style=\"text-align: center;\">\u00a0</p>\n\n<p style=\"text-align: center;\"><span style=\"color: #f0f8ff;\">35,000+ customers use Moz,\u00a0including:</span></p>\n\n<p style=\"text-align: center;\">\u00a0</p>\n\n<p style=\"text-align: center;\">\u00a0</p>\n\n<p style=\"text-align: center;\">\u00a0</p>\n"}, "model": "djangocms_text_ckeditor.text", "pk": 1625}, {"fields": {"width": 350, "upscale": true, "name": "1", "crop": true, "height": 350}, "model": "filer.thumbnailoption", "pk": 1}, {"fields": {"width": 1500, "upscale": true, "name": "header", "crop": true, "height": 350}, "model": "filer.thumbnailoption", "pk": 2}, {"fields": {"name": "filer_public/06/92/06920ad5-1aa9-4536-8382-d5c4069c4a29/home-bg.jpg", "storage_hash": "f9bde26a1556cd667f742bd34ec7c55e", "modified": "2016-11-09T06:30:02.895Z"}, "model": "easy_thumbnails.source", "pk": 1}, {"fields": {"name": "filer_public/77/7a/777a70c1-b269-47b1-9fe2-327da6302b98/post-sample-image.jpg", "storage_hash": "f9bde26a1556cd667f742bd34ec7c55e", "modified": "2016-11-09T05:23:16.974Z"}, "model": "easy_thumbnails.source", "pk": 2}, {"fields": {"name": "filer_public/bb/de/bbdefec3-3cfb-4aba-aa68-bcbc9fd3f159/contact-bg.jpg", "storage_hash": "f9bde26a1556cd667f742bd34ec7c55e", "modified": "2016-11-10T05:35:32.760Z"}, "model": "easy_thumbnails.source", "pk": 3}, {"fields": {"source": 1, "name": "filer_public_thumbnails/filer_public/06/92/06920ad5-1aa9-4536-8382-d5c4069c4a29/home-bg.jpg__32x32_q85_crop_subsampling-2_upscale.jpg", "storage_hash": "f9bde26a1556cd667f742bd34ec7c55e", "modified": "2016-11-08T06:39:17.224Z"}, "model": "easy_thumbnails.thumbnail", "pk": 1}, {"fields": {"source": 1, "name": "filer_public_thumbnails/filer_public/06/92/06920ad5-1aa9-4536-8382-d5c4069c4a29/home-bg.jpg__64x64_q85_crop_subsampling-2_upscale.jpg", "storage_hash": "f9bde26a1556cd667f742bd34ec7c55e", "modified": "2016-11-08T06:39:17.571Z"}, "model": "easy_thumbnails.thumbnail", "pk": 2}, {"fields": {"source": 1, "name": "filer_public_thumbnails/filer_public/06/92/06920ad5-1aa9-4536-8382-d5c4069c4a29/home-bg.jpg__48x48_q85_crop_subsampling-2_upscale.jpg", "storage_hash": "f9bde26a1556cd667f742bd34ec7c55e", "modified": "2016-11-08T06:39:17.966Z"}, "model": "easy_thumbnails.thumbnail", "pk": 3}, {"fields": {"source": 1, "name": "filer_public_thumbnails/filer_public/06/92/06920ad5-1aa9-4536-8382-d5c4069c4a29/home-bg.jpg__16x16_q85_crop_subsampling-2_upscale.jpg", "storage_hash": "f9bde26a1556cd667f742bd34ec7c55e", "modified": "2016-11-08T06:39:18.201Z"}, "model": "easy_thumbnails.thumbnail", "pk": 4}, {"fields": {"source": 1, "name": "filer_public_thumbnails/filer_public/06/92/06920ad5-1aa9-4536-8382-d5c4069c4a29/home-bg.jpg__180x180_q85_crop_subsampling-2_upscale.jpg", "storage_hash": "f9bde26a1556cd667f742bd34ec7c55e", "modified": "2016-11-08T06:39:18.463Z"}, "model": "easy_thumbnails.thumbnail", "pk": 5}, {"fields": {"source": 1, "name": "filer_public_thumbnails/filer_public/06/92/06920ad5-1aa9-4536-8382-d5c4069c4a29/home-bg.jpg__1900x872_q85_crop_subsampling-2_upscale.jpg", "storage_hash": "f9bde26a1556cd667f742bd34ec7c55e", "modified": "2016-11-08T06:39:42.001Z"}, "model": "easy_thumbnails.thumbnail", "pk": 6}, {"fields": {"source": 2, "name": "filer_public_thumbnails/filer_public/77/7a/777a70c1-b269-47b1-9fe2-327da6302b98/post-sample-image.jpg__32x32_q85_crop_subsampling-2_upscale.jpg", "storage_hash": "f9bde26a1556cd667f742bd34ec7c55e", "modified": "2016-11-09T05:23:17.079Z"}, "model": "easy_thumbnails.thumbnail", "pk": 7}, {"fields": {"source": 2, "name": "filer_public_thumbnails/filer_public/77/7a/777a70c1-b269-47b1-9fe2-327da6302b98/post-sample-image.jpg__64x64_q85_crop_subsampling-2_upscale.jpg", "storage_hash": "f9bde26a1556cd667f742bd34ec7c55e", "modified": "2016-11-09T05:23:17.294Z"}, "model": "easy_thumbnails.thumbnail", "pk": 8}, {"fields": {"source": 2, "name": "filer_public_thumbnails/filer_public/77/7a/777a70c1-b269-47b1-9fe2-327da6302b98/post-sample-image.jpg__48x48_q85_crop_subsampling-2_upscale.jpg", "storage_hash": "f9bde26a1556cd667f742bd34ec7c55e", "modified": "2016-11-09T05:23:17.966Z"}, "model": "easy_thumbnails.thumbnail", "pk": 9}, {"fields": {"source": 2, "name": "filer_public_thumbnails/filer_public/77/7a/777a70c1-b269-47b1-9fe2-327da6302b98/post-sample-image.jpg__16x16_q85_crop_subsampling-2_upscale.jpg", "storage_hash": "f9bde26a1556cd667f742bd34ec7c55e", "modified": "2016-11-09T05:23:18.393Z"}, "model": "easy_thumbnails.thumbnail", "pk": 10}, {"fields": {"source": 2, "name": "filer_public_thumbnails/filer_public/77/7a/777a70c1-b269-47b1-9fe2-327da6302b98/post-sample-image.jpg__180x180_q85_crop_subsampling-2_upscale.jpg", "storage_hash": "f9bde26a1556cd667f742bd34ec7c55e", "modified": "2016-11-09T05:23:18.809Z"}, "model": "easy_thumbnails.thumbnail", "pk": 11}, {"fields": {"source": 3, "name": "filer_public_thumbnails/filer_public/bb/de/bbdefec3-3cfb-4aba-aa68-bcbc9fd3f159/contact-bg.jpg__32x32_q85_crop_subsampling-2_upscale.jpg", "storage_hash": "f9bde26a1556cd667f742bd34ec7c55e", "modified": "2016-11-09T05:52:30.213Z"}, "model": "easy_thumbnails.thumbnail", "pk": 12}, {"fields": {"source": 3, "name": "filer_public_thumbnails/filer_public/bb/de/bbdefec3-3cfb-4aba-aa68-bcbc9fd3f159/contact-bg.jpg__64x64_q85_crop_subsampling-2_upscale.jpg", "storage_hash": "f9bde26a1556cd667f742bd34ec7c55e", "modified": "2016-11-09T05:52:30.379Z"}, "model": "easy_thumbnails.thumbnail", "pk": 13}, {"fields": {"source": 3, "name": "filer_public_thumbnails/filer_public/bb/de/bbdefec3-3cfb-4aba-aa68-bcbc9fd3f159/contact-bg.jpg__48x48_q85_crop_subsampling-2_upscale.jpg", "storage_hash": "f9bde26a1556cd667f742bd34ec7c55e", "modified": "2016-11-09T05:52:30.618Z"}, "model": "easy_thumbnails.thumbnail", "pk": 14}, {"fields": {"source": 3, "name": "filer_public_thumbnails/filer_public/bb/de/bbdefec3-3cfb-4aba-aa68-bcbc9fd3f159/contact-bg.jpg__16x16_q85_crop_subsampling-2_upscale.jpg", "storage_hash": "f9bde26a1556cd667f742bd34ec7c55e", "modified": "2016-11-09T05:52:30.808Z"}, "model": "easy_thumbnails.thumbnail", "pk": 15}, {"fields": {"source": 3, "name": "filer_public_thumbnails/filer_public/bb/de/bbdefec3-3cfb-4aba-aa68-bcbc9fd3f159/contact-bg.jpg__180x180_q85_crop_subsampling-2_upscale.jpg", "storage_hash": "f9bde26a1556cd667f742bd34ec7c55e", "modified": "2016-11-09T05:52:31.125Z"}, "model": "easy_thumbnails.thumbnail", "pk": 16}, {"fields": {"source": 3, "name": "filer_public_thumbnails/filer_public/bb/de/bbdefec3-3cfb-4aba-aa68-bcbc9fd3f159/contact-bg.jpg__500x500_q85_crop_subsampling-2_upscale.jpg", "storage_hash": "f9bde26a1556cd667f742bd34ec7c55e", "modified": "2016-11-09T05:53:15.132Z"}, "model": "easy_thumbnails.thumbnail", "pk": 17}, {"fields": {"source": 3, "name": "filer_public_thumbnails/filer_public/bb/de/bbdefec3-3cfb-4aba-aa68-bcbc9fd3f159/contact-bg.jpg__1900x864_q85_crop_subsampling-2_upscale.jpg", "storage_hash": "f9bde26a1556cd667f742bd34ec7c55e", "modified": "2016-11-09T05:55:29.479Z"}, "model": "easy_thumbnails.thumbnail", "pk": 18}, {"fields": {"source": 3, "name": "filer_public_thumbnails/filer_public/bb/de/bbdefec3-3cfb-4aba-aa68-bcbc9fd3f159/contact-bg.jpg__350x350_q85_crop_subsampling-2_upscale.jpg", "storage_hash": "f9bde26a1556cd667f742bd34ec7c55e", "modified": "2016-11-09T05:56:45.795Z"}, "model": "easy_thumbnails.thumbnail", "pk": 19}, {"fields": {"source": 1, "name": "filer_public_thumbnails/filer_public/06/92/06920ad5-1aa9-4536-8382-d5c4069c4a29/home-bg.jpg__653x300_q85_crop_subsampling-2_upscale.jpg", "storage_hash": "f9bde26a1556cd667f742bd34ec7c55e", "modified": "2016-11-09T06:24:21.619Z"}, "model": "easy_thumbnails.thumbnail", "pk": 20}, {"fields": {"source": 1, "name": "filer_public_thumbnails/filer_public/06/92/06920ad5-1aa9-4536-8382-d5c4069c4a29/home-bg.jpg__900x350_q85_crop_subsampling-2_upscale.jpg", "storage_hash": "f9bde26a1556cd667f742bd34ec7c55e", "modified": "2016-11-09T06:29:22.912Z"}, "model": "easy_thumbnails.thumbnail", "pk": 21}, {"fields": {"source": 1, "name": "filer_public_thumbnails/filer_public/06/92/06920ad5-1aa9-4536-8382-d5c4069c4a29/home-bg.jpg__1500x350_q85_crop_subsampling-2_upscale.jpg", "storage_hash": "f9bde26a1556cd667f742bd34ec7c55e", "modified": "2016-11-09T06:30:02.896Z"}, "model": "easy_thumbnails.thumbnail", "pk": 22}, {"fields": {"source": 3, "name": "filer_public_thumbnails/filer_public/bb/de/bbdefec3-3cfb-4aba-aa68-bcbc9fd3f159/contact-bg.jpg__650x650_q85_crop_subsampling-2_upscale.jpg", "storage_hash": "f9bde26a1556cd667f742bd34ec7c55e", "modified": "2016-11-10T01:49:51.575Z"}, "model": "easy_thumbnails.thumbnail", "pk": 23}, {"fields": {"source": 3, "name": "filer_public_thumbnails/filer_public/bb/de/bbdefec3-3cfb-4aba-aa68-bcbc9fd3f159/contact-bg.jpg__40x40_q85_crop_subsampling-2_upscale.jpg", "storage_hash": "f9bde26a1556cd667f742bd34ec7c55e", "modified": "2016-11-10T01:54:41.298Z"}, "model": "easy_thumbnails.thumbnail", "pk": 24}, {"fields": {"source": 3, "name": "filer_public_thumbnails/filer_public/bb/de/bbdefec3-3cfb-4aba-aa68-bcbc9fd3f159/contact-bg.jpg__1170x0_q85_subsampling-2_upscale.jpg", "storage_hash": "f9bde26a1556cd667f742bd34ec7c55e", "modified": "2016-11-10T01:54:42.037Z"}, "model": "easy_thumbnails.thumbnail", "pk": 25}, {"fields": {"source": 3, "name": "filer_public_thumbnails/filer_public/bb/de/bbdefec3-3cfb-4aba-aa68-bcbc9fd3f159/contact-bg.jpg__1170x2730_q85_crop_subsampling-2_upscale.jpg", "storage_hash": "f9bde26a1556cd667f742bd34ec7c55e", "modified": "2016-11-10T01:55:25.883Z"}, "model": "easy_thumbnails.thumbnail", "pk": 26}, {"fields": {"source": 3, "name": "filer_public_thumbnails/filer_public/bb/de/bbdefec3-3cfb-4aba-aa68-bcbc9fd3f159/contact-bg.jpg__1170x658_q85_crop_subsampling-2_upscale.jpg", "storage_hash": "f9bde26a1556cd667f742bd34ec7c55e", "modified": "2016-11-10T01:55:47.277Z"}, "model": "easy_thumbnails.thumbnail", "pk": 27}, {"fields": {"source": 3, "name": "filer_public_thumbnails/filer_public/bb/de/bbdefec3-3cfb-4aba-aa68-bcbc9fd3f159/contact-bg.jpg__1000x200_q85_crop_subsampling-2_upscale.jpg", "storage_hash": "f9bde26a1556cd667f742bd34ec7c55e", "modified": "2016-11-10T02:07:44.557Z"}, "model": "easy_thumbnails.thumbnail", "pk": 28}, {"fields": {"source": 3, "name": "filer_public_thumbnails/filer_public/bb/de/bbdefec3-3cfb-4aba-aa68-bcbc9fd3f159/contact-bg.jpg__2000x250_q85_crop_subsampling-2_upscale.jpg", "storage_hash": "f9bde26a1556cd667f742bd34ec7c55e", "modified": "2016-11-10T02:09:36.106Z"}, "model": "easy_thumbnails.thumbnail", "pk": 29}, {"fields": {"source": 3, "name": "filer_public_thumbnails/filer_public/bb/de/bbdefec3-3cfb-4aba-aa68-bcbc9fd3f159/contact-bg.jpg__200x250_q85_crop_subsampling-2_upscale.jpg", "storage_hash": "f9bde26a1556cd667f742bd34ec7c55e", "modified": "2016-11-10T02:10:13.219Z"}, "model": "easy_thumbnails.thumbnail", "pk": 30}, {"fields": {"source": 3, "name": "filer_public_thumbnails/filer_public/bb/de/bbdefec3-3cfb-4aba-aa68-bcbc9fd3f159/contact-bg.jpg__1500x250_q85_crop_subsampling-2_upscale.jpg", "storage_hash": "f9bde26a1556cd667f742bd34ec7c55e", "modified": "2016-11-10T02:10:14.064Z"}, "model": "easy_thumbnails.thumbnail", "pk": 31}, {"fields": {"source": 3, "name": "filer_public_thumbnails/filer_public/bb/de/bbdefec3-3cfb-4aba-aa68-bcbc9fd3f159/contact-bg.jpg__20x20_q85_subsampling-2_upscale.jpg", "storage_hash": "f9bde26a1556cd667f742bd34ec7c55e", "modified": "2016-11-10T05:25:25.899Z"}, "model": "easy_thumbnails.thumbnail", "pk": 32}, {"fields": {"source": 3, "name": "filer_public_thumbnails/filer_public/bb/de/bbdefec3-3cfb-4aba-aa68-bcbc9fd3f159/contact-bg.jpg__90x90_q85_subsampling-2_upscale.jpg", "storage_hash": "f9bde26a1556cd667f742bd34ec7c55e", "modified": "2016-11-10T05:35:06.382Z"}, "model": "easy_thumbnails.thumbnail", "pk": 33}, {"fields": {"source": 3, "name": "filer_public_thumbnails/filer_public/bb/de/bbdefec3-3cfb-4aba-aa68-bcbc9fd3f159/contact-bg.jpg__99x99_q85_subsampling-2_upscale.jpg", "storage_hash": "f9bde26a1556cd667f742bd34ec7c55e", "modified": "2016-11-10T05:35:32.859Z"}, "model": "easy_thumbnails.thumbnail", "pk": 34}, {"fields": {}, "model": "djangocms_column.multicolumns", "pk": 194}, {"fields": {}, "model": "djangocms_column.multicolumns", "pk": 725}, {"fields": {}, "model": "djangocms_column.multicolumns", "pk": 730}, {"fields": {}, "model": "djangocms_column.multicolumns", "pk": 1001}, {"fields": {}, "model": "djangocms_column.multicolumns", "pk": 1003}, {"fields": {}, "model": "djangocms_column.multicolumns", "pk": 1234}, {"fields": {}, "model": "djangocms_column.multicolumns", "pk": 1342}, {"fields": {}, "model": "djangocms_column.multicolumns", "pk": 1468}, {"fields": {}, "model": "djangocms_column.multicolumns", "pk": 1582}, {"fields": {}, "model": "djangocms_column.multicolumns", "pk": 1592}, {"fields": {}, "model": "djangocms_column.multicolumns", "pk": 1594}, {"fields": {}, "model": "djangocms_column.multicolumns", "pk": 1602}, {"fields": {"width": "50%"}, "model": "djangocms_column.column", "pk": 195}, {"fields": {"width": "50%"}, "model": "djangocms_column.column", "pk": 196}, {"fields": {"width": "50%"}, "model": "djangocms_column.column", "pk": 726}, {"fields": {"width": "50%"}, "model": "djangocms_column.column", "pk": 727}, {"fields": {"width": "25%"}, "model": "djangocms_column.column", "pk": 731}, {"fields": {"width": "75%"}, "model": "djangocms_column.column", "pk": 732}, {"fields": {"width": "50%"}, "model": "djangocms_column.column", "pk": 1002}, {"fields": {"width": "25%"}, "model": "djangocms_column.column", "pk": 1004}, {"fields": {"width": "75%"}, "model": "djangocms_column.column", "pk": 1006}, {"fields": {"width": "50%"}, "model": "djangocms_column.column", "pk": 1009}, {"fields": {"width": "33.33%"}, "model": "djangocms_column.column", "pk": 1235}, {"fields": {"width": "33.33%"}, "model": "djangocms_column.column", "pk": 1236}, {"fields": {"width": "33.33%"}, "model": "djangocms_column.column", "pk": 1237}, {"fields": {"width": "75%"}, "model": "djangocms_column.column", "pk": 1343}, {"fields": {"width": "25%"}, "model": "djangocms_column.column", "pk": 1344}, {"fields": {"width": "25%"}, "model": "djangocms_column.column", "pk": 1469}, {"fields": {"width": "75%"}, "model": "djangocms_column.column", "pk": 1470}, {"fields": {"width": "33.33%"}, "model": "djangocms_column.column", "pk": 1583}, {"fields": {"width": "33.33%"}, "model": "djangocms_column.column", "pk": 1586}, {"fields": {"width": "33.33%"}, "model": "djangocms_column.column", "pk": 1589}, {"fields": {"width": "75%"}, "model": "djangocms_column.column", "pk": 1593}, {"fields": {"width": "25%"}, "model": "djangocms_column.column", "pk": 1595}, {"fields": {"width": "75%"}, "model": "djangocms_column.column", "pk": 1597}, {"fields": {"width": "25%"}, "model": "djangocms_column.column", "pk": 1599}, {"fields": {"width": "50%"}, "model": "djangocms_column.column", "pk": 1603}, {"fields": {"width": "50%"}, "model": "djangocms_column.column", "pk": 1607}, {"fields": {"style": "", "free_link": "", "description": "", "width": null, "thumbnail_option": null, "use_original_image": false, "image": 1, "caption_text": "", "page_link": null, "crop": true, "height": null, "alt_text": "", "target_blank": false, "image_url": "", "upscale": true, "use_autoscale": false, "link_attributes": {}, "file_link": null, "original_link": false, "alignment": null}, "model": "cmsplugin_filer_image.filerimage", "pk": 31}, {"fields": {"style": "", "free_link": "", "description": "", "width": 500, "thumbnail_option": null, "use_original_image": false, "image": 3, "caption_text": "", "page_link": null, "crop": true, "height": 500, "alt_text": "", "target_blank": false, "image_url": "", "upscale": true, "use_autoscale": false, "link_attributes": {}, "file_link": null, "original_link": false, "alignment": null}, "model": "cmsplugin_filer_image.filerimage", "pk": 204}, {"fields": {"style": "", "free_link": "", "description": "", "width": 500, "thumbnail_option": null, "use_original_image": false, "image": 3, "caption_text": "", "page_link": null, "crop": true, "height": 500, "alt_text": "", "target_blank": false, "image_url": "", "upscale": true, "use_autoscale": false, "link_attributes": {}, "file_link": null, "original_link": false, "alignment": null}, "model": "cmsplugin_filer_image.filerimage", "pk": 206}, {"fields": {"style": "", "free_link": "", "description": "", "width": null, "thumbnail_option": null, "use_original_image": false, "image": 1, "caption_text": "", "page_link": null, "crop": true, "height": null, "alt_text": "", "target_blank": false, "image_url": "", "upscale": true, "use_autoscale": false, "link_attributes": {}, "file_link": null, "original_link": false, "alignment": null}, "model": "cmsplugin_filer_image.filerimage", "pk": 1017}, {"fields": {"style": "", "free_link": "", "description": "", "width": 500, "thumbnail_option": null, "use_original_image": false, "image": 3, "caption_text": "", "page_link": null, "crop": true, "height": 500, "alt_text": "", "target_blank": false, "image_url": "", "upscale": true, "use_autoscale": false, "link_attributes": {}, "file_link": null, "original_link": false, "alignment": null}, "model": "cmsplugin_filer_image.filerimage", "pk": 1606}, {"fields": {"style": "", "free_link": "", "description": "", "width": 500, "thumbnail_option": null, "use_original_image": false, "image": 3, "caption_text": "", "page_link": null, "crop": true, "height": 500, "alt_text": "", "target_blank": false, "image_url": "", "upscale": true, "use_autoscale": false, "link_attributes": {}, "file_link": null, "original_link": false, "alignment": null}, "model": "cmsplugin_filer_image.filerimage", "pk": 1610}, {"fields": {"additional_classes": "slogen", "margin_right": null, "class_name": "new", "padding_bottom": null, "margin_left": null, "padding_right": null, "margin_top": null, "padding_left": null, "padding_top": null, "margin_bottom": null, "tag_type": "div"}, "model": "djangocms_style.style", "pk": 30}, {"fields": {"additional_classes": "background", "margin_right": null, "class_name": "info", "padding_bottom": null, "margin_left": null, "padding_right": null, "margin_top": null, "padding_left": null, "padding_top": null, "margin_bottom": null, "tag_type": "div"}, "model": "djangocms_style.style", "pk": 36}, {"fields": {"additional_classes": "", "margin_right": null, "class_name": "info", "padding_bottom": null, "margin_left": null, "padding_right": null, "margin_top": null, "padding_left": null, "padding_top": null, "margin_bottom": null, "tag_type": "div"}, "model": "djangocms_style.style", "pk": 338}, {"fields": {"additional_classes": "", "margin_right": null, "class_name": "info", "padding_bottom": null, "margin_left": null, "padding_right": null, "margin_top": null, "padding_left": null, "padding_top": null, "margin_bottom": null, "tag_type": "div"}, "model": "djangocms_style.style", "pk": 341}, {"fields": {"additional_classes": "", "margin_right": null, "class_name": "info", "padding_bottom": null, "margin_left": null, "padding_right": null, "margin_top": null, "padding_left": null, "padding_top": null, "margin_bottom": null, "tag_type": "div"}, "model": "djangocms_style.style", "pk": 492}, {"fields": {"additional_classes": "slogen", "margin_right": null, "class_name": "new", "padding_bottom": null, "margin_left": null, "padding_right": null, "margin_top": null, "padding_left": null, "padding_top": null, "margin_bottom": null, "tag_type": "div"}, "model": "djangocms_style.style", "pk": 1016}, {"fields": {"additional_classes": "background", "margin_right": null, "class_name": "info", "padding_bottom": null, "margin_left": null, "padding_right": null, "margin_top": null, "padding_left": null, "padding_top": null, "margin_bottom": null, "tag_type": "div"}, "model": "djangocms_style.style", "pk": 1611}, {"fields": {"additional_classes": "", "margin_right": null, "class_name": "info", "padding_bottom": null, "margin_left": null, "padding_right": null, "margin_top": null, "padding_left": null, "padding_top": null, "margin_bottom": null, "tag_type": "div"}, "model": "djangocms_style.style", "pk": 1613}, {"fields": {"additional_classes": "", "margin_right": null, "class_name": "info", "padding_bottom": null, "margin_left": null, "padding_right": null, "margin_top": null, "padding_left": null, "padding_top": null, "margin_bottom": null, "tag_type": "div"}, "model": "djangocms_style.style", "pk": 1616}, {"fields": {"additional_classes": "", "margin_right": null, "class_name": "info", "padding_bottom": null, "margin_left": null, "padding_right": null, "margin_top": null, "padding_left": null, "padding_top": null, "margin_bottom": null, "tag_type": "div"}, "model": "djangocms_style.style", "pk": 1621}, {"fields": {"html": "<header class=\"intro-header\" style=\"background-image: url('img/about-bg.jpg')\">\r\n    <div class=\"container\">\r\n        <div class=\"row\">\r\n            <div class=\"col-lg-8 col-lg-offset-2 col-md-10 col-md-offset-1\">\r\n                <div class=\"page-heading\">\r\n                    <h1>About Me</h1>\r\n                    <hr class=\"small\">\r\n                    <span class=\"subheading\">This is what I do.</span>\r\n                </div>\r\n            </div>\r\n        </div>\r\n    </div>\r\n</header>\r\n", "name": "Desc", "template": "", "slug": "desc"}, "model": "djangocms_snippet.snippet", "pk": 1}, {"fields": {"html": "<p class=\"copyright text-muted\">Copyright &copy; {{ request.site.name }} {% now \"Y\" %}</p>", "name": "copyright", "template": "base.html", "slug": "copyright"}, "model": "djangocms_snippet.snippet", "pk": 2}, {"fields": {"background_position": "", "background_image": 1, "background_repeat": "no-repeat", "label": "", "id_name": "", "additional_class_names": "intro-header", "background_size": "", "tag_type": "header"}, "model": "aldryn_background_image.backgroundimage", "pk": 297}, {"fields": {"background_position": "", "background_image": 3, "background_repeat": "repeat", "label": "", "id_name": "", "additional_class_names": "", "background_size": "", "tag_type": "section"}, "model": "aldryn_background_image.backgroundimage", "pk": 1042}, {"fields": {"background_position": "", "background_image": 1, "background_repeat": "no-repeat", "label": "", "id_name": "", "additional_class_names": "intro-header", "background_size": "", "tag_type": "header"}, "model": "aldryn_background_image.backgroundimage", "pk": 1612}, {"fields": {"background_position": "", "background_image": 3, "background_repeat": "repeat", "label": "", "id_name": "", "additional_class_names": "", "background_size": "", "tag_type": "section"}, "model": "aldryn_background_image.backgroundimage", "pk": 1624}, {"fields": {"link_mailto": "", "link_page": null, "link_attributes": {}, "link_phone": "", "icon_right": "", "btn_size": "md", "link_url": "", "label": "Product For Detail ", "btn_context": "warning", "link_anchor": "", "link_file": null, "txt_context": "warning", "btn_block": false, "classes": "", "icon_left": "", "responsive": "", "link_target": "_blank", "type": "btn", "responsive_print": ""}, "model": "aldryn_bootstrap3.boostrap3buttonplugin", "pk": 495}, {"fields": {"link_mailto": "", "link_page": null, "link_attributes": {}, "link_phone": "", "icon_right": "", "btn_size": "md", "link_url": "", "label": "SEO & Search  |  Local Search", "btn_context": "default", "link_anchor": "", "link_file": null, "txt_context": "", "btn_block": false, "classes": "", "icon_left": "", "responsive": "", "link_target": "", "type": "lnk", "responsive_print": ""}, "model": "aldryn_bootstrap3.boostrap3buttonplugin", "pk": 673}, {"fields": {"link_mailto": "", "link_page": null, "link_attributes": {}, "link_phone": "", "icon_right": "", "btn_size": "md", "link_url": "", "label": "Join in our Community", "btn_context": "default", "link_anchor": "", "link_file": null, "txt_context": "", "btn_block": false, "classes": "", "icon_left": "", "responsive": "", "link_target": "", "type": "lnk", "responsive_print": ""}, "model": "aldryn_bootstrap3.boostrap3buttonplugin", "pk": 700}, {"fields": {"link_mailto": "", "link_page": null, "link_attributes": {}, "link_phone": "", "icon_right": "", "btn_size": "md", "link_url": "", "label": "link", "btn_context": "default", "link_anchor": "", "link_file": null, "txt_context": "", "btn_block": false, "classes": "", "icon_left": "", "responsive": "", "link_target": "", "type": "lnk", "responsive_print": ""}, "model": "aldryn_bootstrap3.boostrap3buttonplugin", "pk": 1008}, {"fields": {"link_mailto": "", "link_page": null, "link_attributes": {}, "link_phone": "", "icon_right": "", "btn_size": "xs", "link_url": "", "label": "", "btn_context": "default", "link_anchor": "", "link_file": null, "txt_context": "", "btn_block": false, "classes": "", "icon_left": "", "responsive": "", "link_target": "", "type": "lnk", "responsive_print": ""}, "model": "aldryn_bootstrap3.boostrap3buttonplugin", "pk": 1013}, {"fields": {"link_mailto": "", "link_page": null, "link_attributes": {}, "link_phone": "", "icon_right": "", "btn_size": "xs", "link_url": "", "label": "Link", "btn_context": "default", "link_anchor": "", "link_file": null, "txt_context": "", "btn_block": false, "classes": "", "icon_left": "", "responsive": "", "link_target": "", "type": "lnk", "responsive_print": ""}, "model": "aldryn_bootstrap3.boostrap3buttonplugin", "pk": 1014}, {"fields": {"link_mailto": "", "link_page": null, "link_attributes": {}, "link_phone": "", "icon_right": "", "btn_size": "md", "link_url": "", "label": "SEO & Search  |  Local Search", "btn_context": "default", "link_anchor": "", "link_file": null, "txt_context": "", "btn_block": false, "classes": "", "icon_left": "", "responsive": "", "link_target": "", "type": "lnk", "responsive_print": ""}, "model": "aldryn_bootstrap3.boostrap3buttonplugin", "pk": 1605}, {"fields": {"link_mailto": "", "link_page": null, "link_attributes": {}, "link_phone": "", "icon_right": "", "btn_size": "md", "link_url": "", "label": "Join in our Community", "btn_context": "default", "link_anchor": "", "link_file": null, "txt_context": "", "btn_block": false, "classes": "", "icon_left": "", "responsive": "", "link_target": "", "type": "lnk", "responsive_print": ""}, "model": "aldryn_bootstrap3.boostrap3buttonplugin", "pk": 1609}, {"fields": {"link_mailto": "", "link_page": null, "link_attributes": {}, "link_phone": "", "icon_right": "", "btn_size": "md", "link_url": "", "label": "Product For Detail ", "btn_context": "warning", "link_anchor": "", "link_file": null, "txt_context": "warning", "btn_block": false, "classes": "", "icon_left": "", "responsive": "", "link_target": "_blank", "type": "btn", "responsive_print": ""}, "model": "aldryn_bootstrap3.boostrap3buttonplugin", "pk": 1623}, {"fields": {"title": "", "use_original_image": false, "img_responsive": true, "override_height": 99, "shape": "", "override_width": 99, "file": 3, "aspect_ratio": "", "alt": "", "classes": "", "thumbnail": false}, "model": "aldryn_bootstrap3.boostrap3imageplugin", "pk": 733}, {"fields": {"title": "", "use_original_image": false, "img_responsive": true, "override_height": 20, "shape": "", "override_width": 20, "file": 3, "aspect_ratio": "", "alt": "", "classes": "", "thumbnail": false}, "model": "aldryn_bootstrap3.boostrap3imageplugin", "pk": 1005}, {"fields": {"classes": ""}, "model": "aldryn_bootstrap3.bootstrap3rowplugin", "pk": 339}, {"fields": {"classes": ""}, "model": "aldryn_bootstrap3.bootstrap3rowplugin", "pk": 489}, {"fields": {"classes": ""}, "model": "aldryn_bootstrap3.bootstrap3rowplugin", "pk": 1614}, {"fields": {"classes": ""}, "model": "aldryn_bootstrap3.bootstrap3rowplugin", "pk": 1619}, {"fields": {"md_push": null, "md_pull": null, "lg_col": 8, "xs_offset": null, "lg_push": null, "xs_push": null, "sm_offset": null, "tag": "div", "md_col": 10, "lg_offset": null, "classes": "", "sm_push": null, "md_offset": null, "xs_col": null, "sm_pull": null, "sm_col": null, "lg_pull": null, "xs_pull": null}, "model": "aldryn_bootstrap3.bootstrap3columnplugin", "pk": 340}, {"fields": {"md_push": null, "md_pull": null, "lg_col": 8, "xs_offset": null, "lg_push": null, "xs_push": null, "sm_offset": null, "tag": "div", "md_col": 10, "lg_offset": null, "classes": "", "sm_push": null, "md_offset": null, "xs_col": null, "sm_pull": null, "sm_col": null, "lg_pull": null, "xs_pull": null}, "model": "aldryn_bootstrap3.bootstrap3columnplugin", "pk": 491}, {"fields": {"md_push": null, "md_pull": null, "lg_col": 8, "xs_offset": null, "lg_push": null, "xs_push": null, "sm_offset": null, "tag": "div", "md_col": 10, "lg_offset": null, "classes": "", "sm_push": null, "md_offset": null, "xs_col": null, "sm_pull": null, "sm_col": null, "lg_pull": null, "xs_pull": null}, "model": "aldryn_bootstrap3.bootstrap3columnplugin", "pk": 1615}, {"fields": {"md_push": null, "md_pull": null, "lg_col": 8, "xs_offset": null, "lg_push": null, "xs_push": null, "sm_offset": null, "tag": "div", "md_col": 10, "lg_offset": null, "classes": "", "sm_push": null, "md_offset": null, "xs_col": null, "sm_pull": null, "sm_col": null, "lg_pull": null, "xs_pull": null}, "model": "aldryn_bootstrap3.bootstrap3columnplugin", "pk": 1620}, {"fields": {"slug": "login", "master": 1, "name": "Login", "language_code": "zh"}, "model": "aldryn_categories.categorytranslation", "pk": 1}, {"fields": {"lft": 1, "depth": 1, "rgt": 2, "tree_id": 1}, "model": "aldryn_categories.category", "pk": 1}, {"fields": {"codename": "use_structure", "name": "Can use Structure mode", "content_type": 1}, "model": "auth.permission", "pk": 1}, {"fields": {"codename": "change_page", "name": "Can change page", "content_type": 2}, "model": "auth.permission", "pk": 2}, {"fields": {"codename": "add_permission", "name": "Can add permission", "content_type": 3}, "model": "auth.permission", "pk": 3}, {"fields": {"codename": "change_permission", "name": "Can change permission", "content_type": 3}, "model": "auth.permission", "pk": 4}, {"fields": {"codename": "delete_permission", "name": "Can delete permission", "content_type": 3}, "model": "auth.permission", "pk": 5}, {"fields": {"codename": "add_group", "name": "Can add group", "content_type": 4}, "model": "auth.permission", "pk": 6}, {"fields": {"codename": "change_group", "name": "Can change group", "content_type": 4}, "model": "auth.permission", "pk": 7}, {"fields": {"codename": "delete_group", "name": "Can delete group", "content_type": 4}, "model": "auth.permission", "pk": 8}, {"fields": {"codename": "add_user", "name": "Can add user", "content_type": 5}, "model": "auth.permission", "pk": 9}, {"fields": {"codename": "change_user", "name": "Can change user", "content_type": 5}, "model": "auth.permission", "pk": 10}, {"fields": {"codename": "delete_user", "name": "Can delete user", "content_type": 5}, "model": "auth.permission", "pk": 11}, {"fields": {"codename": "add_contenttype", "name": "Can add content type", "content_type": 6}, "model": "auth.permission", "pk": 12}, {"fields": {"codename": "change_contenttype", "name": "Can change content type", "content_type": 6}, "model": "auth.permission", "pk": 13}, {"fields": {"codename": "delete_contenttype", "name": "Can delete content type", "content_type": 6}, "model": "auth.permission", "pk": 14}, {"fields": {"codename": "add_session", "name": "Can add session", "content_type": 7}, "model": "auth.permission", "pk": 15}, {"fields": {"codename": "change_session", "name": "Can change session", "content_type": 7}, "model": "auth.permission", "pk": 16}, {"fields": {"codename": "delete_session", "name": "Can delete session", "content_type": 7}, "model": "auth.permission", "pk": 17}, {"fields": {"codename": "add_logentry", "name": "Can add log entry", "content_type": 8}, "model": "auth.permission", "pk": 18}, {"fields": {"codename": "change_logentry", "name": "Can change log entry", "content_type": 8}, "model": "auth.permission", "pk": 19}, {"fields": {"codename": "delete_logentry", "name": "Can delete log entry", "content_type": 8}, "model": "auth.permission", "pk": 20}, {"fields": {"codename": "add_site", "name": "Can add site", "content_type": 9}, "model": "auth.permission", "pk": 21}, {"fields": {"codename": "change_site", "name": "Can change site", "content_type": 9}, "model": "auth.permission", "pk": 22}, {"fields": {"codename": "delete_site", "name": "Can delete site", "content_type": 9}, "model": "auth.permission", "pk": 23}, {"fields": {"codename": "add_usersettings", "name": "Can add user setting", "content_type": 10}, "model": "auth.permission", "pk": 24}, {"fields": {"codename": "change_usersettings", "name": "Can change user setting", "content_type": 10}, "model": "auth.permission", "pk": 25}, {"fields": {"codename": "delete_usersettings", "name": "Can delete user setting", "content_type": 10}, "model": "auth.permission", "pk": 26}, {"fields": {"codename": "add_page", "name": "Can add page", "content_type": 2}, "model": "auth.permission", "pk": 27}, {"fields": {"codename": "delete_page", "name": "Can delete page", "content_type": 2}, "model": "auth.permission", "pk": 28}, {"fields": {"codename": "view_page", "name": "Can view page", "content_type": 2}, "model": "auth.permission", "pk": 29}, {"fields": {"codename": "publish_page", "name": "Can publish page", "content_type": 2}, "model": "auth.permission", "pk": 30}, {"fields": {"codename": "edit_static_placeholder", "name": "Can edit static placeholders", "content_type": 2}, "model": "auth.permission", "pk": 31}, {"fields": {"codename": "add_globalpagepermission", "name": "Can add Page global permission", "content_type": 11}, "model": "auth.permission", "pk": 32}, {"fields": {"codename": "change_globalpagepermission", "name": "Can change Page global permission", "content_type": 11}, "model": "auth.permission", "pk": 33}, {"fields": {"codename": "delete_globalpagepermission", "name": "Can delete Page global permission", "content_type": 11}, "model": "auth.permission", "pk": 34}, {"fields": {"codename": "add_pagepermission", "name": "Can add Page permission", "content_type": 12}, "model": "auth.permission", "pk": 35}, {"fields": {"codename": "change_pagepermission", "name": "Can change Page permission", "content_type": 12}, "model": "auth.permission", "pk": 36}, {"fields": {"codename": "delete_pagepermission", "name": "Can delete Page permission", "content_type": 12}, "model": "auth.permission", "pk": 37}, {"fields": {"codename": "add_pageuser", "name": "Can add User (page)", "content_type": 13}, "model": "auth.permission", "pk": 38}, {"fields": {"codename": "change_pageuser", "name": "Can change User (page)", "content_type": 13}, "model": "auth.permission", "pk": 39}, {"fields": {"codename": "delete_pageuser", "name": "Can delete User (page)", "content_type": 13}, "model": "auth.permission", "pk": 40}, {"fields": {"codename": "add_pageusergroup", "name": "Can add User group (page)", "content_type": 14}, "model": "auth.permission", "pk": 41}, {"fields": {"codename": "change_pageusergroup", "name": "Can change User group (page)", "content_type": 14}, "model": "auth.permission", "pk": 42}, {"fields": {"codename": "delete_pageusergroup", "name": "Can delete User group (page)", "content_type": 14}, "model": "auth.permission", "pk": 43}, {"fields": {"codename": "add_placeholder", "name": "Can add placeholder", "content_type": 1}, "model": "auth.permission", "pk": 44}, {"fields": {"codename": "change_placeholder", "name": "Can change placeholder", "content_type": 1}, "model": "auth.permission", "pk": 45}, {"fields": {"codename": "delete_placeholder", "name": "Can delete placeholder", "content_type": 1}, "model": "auth.permission", "pk": 46}, {"fields": {"codename": "add_cmsplugin", "name": "Can add cms plugin", "content_type": 15}, "model": "auth.permission", "pk": 47}, {"fields": {"codename": "change_cmsplugin", "name": "Can change cms plugin", "content_type": 15}, "model": "auth.permission", "pk": 48}, {"fields": {"codename": "delete_cmsplugin", "name": "Can delete cms plugin", "content_type": 15}, "model": "auth.permission", "pk": 49}, {"fields": {"codename": "add_title", "name": "Can add title", "content_type": 16}, "model": "auth.permission", "pk": 50}, {"fields": {"codename": "change_title", "name": "Can change title", "content_type": 16}, "model": "auth.permission", "pk": 51}, {"fields": {"codename": "delete_title", "name": "Can delete title", "content_type": 16}, "model": "auth.permission", "pk": 52}, {"fields": {"codename": "add_placeholderreference", "name": "Can add placeholder reference", "content_type": 17}, "model": "auth.permission", "pk": 53}, {"fields": {"codename": "change_placeholderreference", "name": "Can change placeholder reference", "content_type": 17}, "model": "auth.permission", "pk": 54}, {"fields": {"codename": "delete_placeholderreference", "name": "Can delete placeholder reference", "content_type": 17}, "model": "auth.permission", "pk": 55}, {"fields": {"codename": "add_staticplaceholder", "name": "Can add static placeholder", "content_type": 18}, "model": "auth.permission", "pk": 56}, {"fields": {"codename": "change_staticplaceholder", "name": "Can change static placeholder", "content_type": 18}, "model": "auth.permission", "pk": 57}, {"fields": {"codename": "delete_staticplaceholder", "name": "Can delete static placeholder", "content_type": 18}, "model": "auth.permission", "pk": 58}, {"fields": {"codename": "add_aliaspluginmodel", "name": "Can add alias plugin model", "content_type": 19}, "model": "auth.permission", "pk": 59}, {"fields": {"codename": "change_aliaspluginmodel", "name": "Can change alias plugin model", "content_type": 19}, "model": "auth.permission", "pk": 60}, {"fields": {"codename": "delete_aliaspluginmodel", "name": "Can delete alias plugin model", "content_type": 19}, "model": "auth.permission", "pk": 61}, {"fields": {"codename": "add_urlconfrevision", "name": "Can add urlconf revision", "content_type": 20}, "model": "auth.permission", "pk": 62}, {"fields": {"codename": "change_urlconfrevision", "name": "Can change urlconf revision", "content_type": 20}, "model": "auth.permission", "pk": 63}, {"fields": {"codename": "delete_urlconfrevision", "name": "Can delete urlconf revision", "content_type": 20}, "model": "auth.permission", "pk": 64}, {"fields": {"codename": "add_cachekey", "name": "Can add cache key", "content_type": 21}, "model": "auth.permission", "pk": 65}, {"fields": {"codename": "change_cachekey", "name": "Can change cache key", "content_type": 21}, "model": "auth.permission", "pk": 66}, {"fields": {"codename": "delete_cachekey", "name": "Can delete cache key", "content_type": 21}, "model": "auth.permission", "pk": 67}, {"fields": {"codename": "add_text", "name": "Can add text", "content_type": 22}, "model": "auth.permission", "pk": 68}, {"fields": {"codename": "change_text", "name": "Can change text", "content_type": 22}, "model": "auth.permission", "pk": 69}, {"fields": {"codename": "delete_text", "name": "Can delete text", "content_type": 22}, "model": "auth.permission", "pk": 70}, {"fields": {"codename": "add_folder", "name": "Can add Folder", "content_type": 23}, "model": "auth.permission", "pk": 71}, {"fields": {"codename": "change_folder", "name": "Can change Folder", "content_type": 23}, "model": "auth.permission", "pk": 72}, {"fields": {"codename": "delete_folder", "name": "Can delete Folder", "content_type": 23}, "model": "auth.permission", "pk": 73}, {"fields": {"codename": "can_use_directory_listing", "name": "Can use directory listing", "content_type": 23}, "model": "auth.permission", "pk": 74}, {"fields": {"codename": "add_folderpermission", "name": "Can add folder permission", "content_type": 24}, "model": "auth.permission", "pk": 75}, {"fields": {"codename": "change_folderpermission", "name": "Can change folder permission", "content_type": 24}, "model": "auth.permission", "pk": 76}, {"fields": {"codename": "delete_folderpermission", "name": "Can delete folder permission", "content_type": 24}, "model": "auth.permission", "pk": 77}, {"fields": {"codename": "add_file", "name": "Can add file", "content_type": 25}, "model": "auth.permission", "pk": 78}, {"fields": {"codename": "change_file", "name": "Can change file", "content_type": 25}, "model": "auth.permission", "pk": 79}, {"fields": {"codename": "delete_file", "name": "Can delete file", "content_type": 25}, "model": "auth.permission", "pk": 80}, {"fields": {"codename": "add_clipboard", "name": "Can add clipboard", "content_type": 26}, "model": "auth.permission", "pk": 81}, {"fields": {"codename": "change_clipboard", "name": "Can change clipboard", "content_type": 26}, "model": "auth.permission", "pk": 82}, {"fields": {"codename": "delete_clipboard", "name": "Can delete clipboard", "content_type": 26}, "model": "auth.permission", "pk": 83}, {"fields": {"codename": "add_clipboarditem", "name": "Can add clipboard item", "content_type": 27}, "model": "auth.permission", "pk": 84}, {"fields": {"codename": "change_clipboarditem", "name": "Can change clipboard item", "content_type": 27}, "model": "auth.permission", "pk": 85}, {"fields": {"codename": "delete_clipboarditem", "name": "Can delete clipboard item", "content_type": 27}, "model": "auth.permission", "pk": 86}, {"fields": {"codename": "add_image", "name": "Can add image", "content_type": 28}, "model": "auth.permission", "pk": 87}, {"fields": {"codename": "change_image", "name": "Can change image", "content_type": 28}, "model": "auth.permission", "pk": 88}, {"fields": {"codename": "delete_image", "name": "Can delete image", "content_type": 28}, "model": "auth.permission", "pk": 89}, {"fields": {"codename": "add_thumbnailoption", "name": "Can add thumbnail option", "content_type": 29}, "model": "auth.permission", "pk": 90}, {"fields": {"codename": "change_thumbnailoption", "name": "Can change thumbnail option", "content_type": 29}, "model": "auth.permission", "pk": 91}, {"fields": {"codename": "delete_thumbnailoption", "name": "Can delete thumbnail option", "content_type": 29}, "model": "auth.permission", "pk": 92}, {"fields": {"codename": "add_source", "name": "Can add source", "content_type": 30}, "model": "auth.permission", "pk": 93}, {"fields": {"codename": "change_source", "name": "Can change source", "content_type": 30}, "model": "auth.permission", "pk": 94}, {"fields": {"codename": "delete_source", "name": "Can delete source", "content_type": 30}, "model": "auth.permission", "pk": 95}, {"fields": {"codename": "add_thumbnail", "name": "Can add thumbnail", "content_type": 31}, "model": "auth.permission", "pk": 96}, {"fields": {"codename": "change_thumbnail", "name": "Can change thumbnail", "content_type": 31}, "model": "auth.permission", "pk": 97}, {"fields": {"codename": "delete_thumbnail", "name": "Can delete thumbnail", "content_type": 31}, "model": "auth.permission", "pk": 98}, {"fields": {"codename": "add_thumbnaildimensions", "name": "Can add thumbnail dimensions", "content_type": 32}, "model": "auth.permission", "pk": 99}, {"fields": {"codename": "change_thumbnaildimensions", "name": "Can change thumbnail dimensions", "content_type": 32}, "model": "auth.permission", "pk": 100}, {"fields": {"codename": "delete_thumbnaildimensions", "name": "Can delete thumbnail dimensions", "content_type": 32}, "model": "auth.permission", "pk": 101}, {"fields": {"codename": "add_multicolumns", "name": "Can add multi columns", "content_type": 33}, "model": "auth.permission", "pk": 102}, {"fields": {"codename": "change_multicolumns", "name": "Can change multi columns", "content_type": 33}, "model": "auth.permission", "pk": 103}, {"fields": {"codename": "delete_multicolumns", "name": "Can delete multi columns", "content_type": 33}, "model": "auth.permission", "pk": 104}, {"fields": {"codename": "add_column", "name": "Can add column", "content_type": 34}, "model": "auth.permission", "pk": 105}, {"fields": {"codename": "change_column", "name": "Can change column", "content_type": 34}, "model": "auth.permission", "pk": 106}, {"fields": {"codename": "delete_column", "name": "Can delete column", "content_type": 34}, "model": "auth.permission", "pk": 107}, {"fields": {"codename": "add_link", "name": "Can add link", "content_type": 35}, "model": "auth.permission", "pk": 108}, {"fields": {"codename": "change_link", "name": "Can change link", "content_type": 35}, "model": "auth.permission", "pk": 109}, {"fields": {"codename": "delete_link", "name": "Can delete link", "content_type": 35}, "model": "auth.permission", "pk": 110}, {"fields": {"codename": "add_filerfile", "name": "Can add filer file", "content_type": 36}, "model": "auth.permission", "pk": 111}, {"fields": {"codename": "change_filerfile", "name": "Can change filer file", "content_type": 36}, "model": "auth.permission", "pk": 112}, {"fields": {"codename": "delete_filerfile", "name": "Can delete filer file", "content_type": 36}, "model": "auth.permission", "pk": 113}, {"fields": {"codename": "add_filerfolder", "name": "Can add filer folder", "content_type": 37}, "model": "auth.permission", "pk": 114}, {"fields": {"codename": "change_filerfolder", "name": "Can change filer folder", "content_type": 37}, "model": "auth.permission", "pk": 115}, {"fields": {"codename": "delete_filerfolder", "name": "Can delete filer folder", "content_type": 37}, "model": "auth.permission", "pk": 116}, {"fields": {"codename": "add_filerimage", "name": "Can add filer image", "content_type": 38}, "model": "auth.permission", "pk": 117}, {"fields": {"codename": "change_filerimage", "name": "Can change filer image", "content_type": 38}, "model": "auth.permission", "pk": 118}, {"fields": {"codename": "delete_filerimage", "name": "Can delete filer image", "content_type": 38}, "model": "auth.permission", "pk": 119}, {"fields": {"codename": "add_style", "name": "Can add style", "content_type": 39}, "model": "auth.permission", "pk": 120}, {"fields": {"codename": "change_style", "name": "Can change style", "content_type": 39}, "model": "auth.permission", "pk": 121}, {"fields": {"codename": "delete_style", "name": "Can delete style", "content_type": 39}, "model": "auth.permission", "pk": 122}, {"fields": {"codename": "add_snippet", "name": "Can add Snippet", "content_type": 40}, "model": "auth.permission", "pk": 123}, {"fields": {"codename": "change_snippet", "name": "Can change Snippet", "content_type": 40}, "model": "auth.permission", "pk": 124}, {"fields": {"codename": "delete_snippet", "name": "Can delete Snippet", "content_type": 40}, "model": "auth.permission", "pk": 125}, {"fields": {"codename": "add_snippetptr", "name": "Can add Snippet", "content_type": 41}, "model": "auth.permission", "pk": 126}, {"fields": {"codename": "change_snippetptr", "name": "Can change Snippet", "content_type": 41}, "model": "auth.permission", "pk": 127}, {"fields": {"codename": "delete_snippetptr", "name": "Can delete Snippet", "content_type": 41}, "model": "auth.permission", "pk": 128}, {"fields": {"codename": "add_googlemap", "name": "Can add google map", "content_type": 42}, "model": "auth.permission", "pk": 129}, {"fields": {"codename": "change_googlemap", "name": "Can change google map", "content_type": 42}, "model": "auth.permission", "pk": 130}, {"fields": {"codename": "delete_googlemap", "name": "Can delete google map", "content_type": 42}, "model": "auth.permission", "pk": 131}, {"fields": {"codename": "add_videoplayer", "name": "Can add video player", "content_type": 43}, "model": "auth.permission", "pk": 132}, {"fields": {"codename": "change_videoplayer", "name": "Can change video player", "content_type": 43}, "model": "auth.permission", "pk": 133}, {"fields": {"codename": "delete_videoplayer", "name": "Can delete video player", "content_type": 43}, "model": "auth.permission", "pk": 134}, {"fields": {"codename": "add_videosource", "name": "Can add video source", "content_type": 44}, "model": "auth.permission", "pk": 135}, {"fields": {"codename": "change_videosource", "name": "Can change video source", "content_type": 44}, "model": "auth.permission", "pk": 136}, {"fields": {"codename": "delete_videosource", "name": "Can delete video source", "content_type": 44}, "model": "auth.permission", "pk": 137}, {"fields": {"codename": "add_videotrack", "name": "Can add video track", "content_type": 45}, "model": "auth.permission", "pk": 138}, {"fields": {"codename": "change_videotrack", "name": "Can change video track", "content_type": 45}, "model": "auth.permission", "pk": 139}, {"fields": {"codename": "delete_videotrack", "name": "Can delete video track", "content_type": 45}, "model": "auth.permission", "pk": 140}, {"fields": {"codename": "add_token", "name": "Can add Token", "content_type": 46}, "model": "auth.permission", "pk": 141}, {"fields": {"codename": "change_token", "name": "Can change Token", "content_type": 46}, "model": "auth.permission", "pk": 142}, {"fields": {"codename": "delete_token", "name": "Can delete Token", "content_type": 46}, "model": "auth.permission", "pk": 143}, {"fields": {"codename": "add_backgroundimage", "name": "Can add background image", "content_type": 47}, "model": "auth.permission", "pk": 144}, {"fields": {"codename": "change_backgroundimage", "name": "Can change background image", "content_type": 47}, "model": "auth.permission", "pk": 145}, {"fields": {"codename": "delete_backgroundimage", "name": "Can delete background image", "content_type": 47}, "model": "auth.permission", "pk": 146}, {"fields": {"codename": "add_boostrap3buttonplugin", "name": "Can add boostrap3 button plugin", "content_type": 48}, "model": "auth.permission", "pk": 147}, {"fields": {"codename": "change_boostrap3buttonplugin", "name": "Can change boostrap3 button plugin", "content_type": 48}, "model": "auth.permission", "pk": 148}, {"fields": {"codename": "delete_boostrap3buttonplugin", "name": "Can delete boostrap3 button plugin", "content_type": 48}, "model": "auth.permission", "pk": 149}, {"fields": {"codename": "add_boostrap3blockquoteplugin", "name": "Can add boostrap3 blockquote plugin", "content_type": 49}, "model": "auth.permission", "pk": 150}, {"fields": {"codename": "change_boostrap3blockquoteplugin", "name": "Can change boostrap3 blockquote plugin", "content_type": 49}, "model": "auth.permission", "pk": 151}, {"fields": {"codename": "delete_boostrap3blockquoteplugin", "name": "Can delete boostrap3 blockquote plugin", "content_type": 49}, "model": "auth.permission", "pk": 152}, {"fields": {"codename": "add_boostrap3iconplugin", "name": "Can add boostrap3 icon plugin", "content_type": 50}, "model": "auth.permission", "pk": 153}, {"fields": {"codename": "change_boostrap3iconplugin", "name": "Can change boostrap3 icon plugin", "content_type": 50}, "model": "auth.permission", "pk": 154}, {"fields": {"codename": "delete_boostrap3iconplugin", "name": "Can delete boostrap3 icon plugin", "content_type": 50}, "model": "auth.permission", "pk": 155}, {"fields": {"codename": "add_boostrap3labelplugin", "name": "Can add boostrap3 label plugin", "content_type": 51}, "model": "auth.permission", "pk": 156}, {"fields": {"codename": "change_boostrap3labelplugin", "name": "Can change boostrap3 label plugin", "content_type": 51}, "model": "auth.permission", "pk": 157}, {"fields": {"codename": "delete_boostrap3labelplugin", "name": "Can delete boostrap3 label plugin", "content_type": 51}, "model": "auth.permission", "pk": 158}, {"fields": {"codename": "add_boostrap3wellplugin", "name": "Can add boostrap3 well plugin", "content_type": 52}, "model": "auth.permission", "pk": 159}, {"fields": {"codename": "change_boostrap3wellplugin", "name": "Can change boostrap3 well plugin", "content_type": 52}, "model": "auth.permission", "pk": 160}, {"fields": {"codename": "delete_boostrap3wellplugin", "name": "Can delete boostrap3 well plugin", "content_type": 52}, "model": "auth.permission", "pk": 161}, {"fields": {"codename": "add_boostrap3alertplugin", "name": "Can add boostrap3 alert plugin", "content_type": 53}, "model": "auth.permission", "pk": 162}, {"fields": {"codename": "change_boostrap3alertplugin", "name": "Can change boostrap3 alert plugin", "content_type": 53}, "model": "auth.permission", "pk": 163}, {"fields": {"codename": "delete_boostrap3alertplugin", "name": "Can delete boostrap3 alert plugin", "content_type": 53}, "model": "auth.permission", "pk": 164}, {"fields": {"codename": "add_boostrap3imageplugin", "name": "Can add boostrap3 image plugin", "content_type": 54}, "model": "auth.permission", "pk": 165}, {"fields": {"codename": "change_boostrap3imageplugin", "name": "Can change boostrap3 image plugin", "content_type": 54}, "model": "auth.permission", "pk": 166}, {"fields": {"codename": "delete_boostrap3imageplugin", "name": "Can delete boostrap3 image plugin", "content_type": 54}, "model": "auth.permission", "pk": 167}, {"fields": {"codename": "add_boostrap3spacerplugin", "name": "Can add boostrap3 spacer plugin", "content_type": 55}, "model": "auth.permission", "pk": 168}, {"fields": {"codename": "change_boostrap3spacerplugin", "name": "Can change boostrap3 spacer plugin", "content_type": 55}, "model": "auth.permission", "pk": 169}, {"fields": {"codename": "delete_boostrap3spacerplugin", "name": "Can delete boostrap3 spacer plugin", "content_type": 55}, "model": "auth.permission", "pk": 170}, {"fields": {"codename": "add_bootstrap3fileplugin", "name": "Can add bootstrap3 file plugin", "content_type": 56}, "model": "auth.permission", "pk": 171}, {"fields": {"codename": "change_bootstrap3fileplugin", "name": "Can change bootstrap3 file plugin", "content_type": 56}, "model": "auth.permission", "pk": 172}, {"fields": {"codename": "delete_bootstrap3fileplugin", "name": "Can delete bootstrap3 file plugin", "content_type": 56}, "model": "auth.permission", "pk": 173}, {"fields": {"codename": "add_boostrap3panelplugin", "name": "Can add boostrap3 panel plugin", "content_type": 57}, "model": "auth.permission", "pk": 174}, {"fields": {"codename": "change_boostrap3panelplugin", "name": "Can change boostrap3 panel plugin", "content_type": 57}, "model": "auth.permission", "pk": 175}, {"fields": {"codename": "delete_boostrap3panelplugin", "name": "Can delete boostrap3 panel plugin", "content_type": 57}, "model": "auth.permission", "pk": 176}, {"fields": {"codename": "add_boostrap3panelheadingplugin", "name": "Can add boostrap3 panel heading plugin", "content_type": 58}, "model": "auth.permission", "pk": 177}, {"fields": {"codename": "change_boostrap3panelheadingplugin", "name": "Can change boostrap3 panel heading plugin", "content_type": 58}, "model": "auth.permission", "pk": 178}, {"fields": {"codename": "delete_boostrap3panelheadingplugin", "name": "Can delete boostrap3 panel heading plugin", "content_type": 58}, "model": "auth.permission", "pk": 179}, {"fields": {"codename": "add_boostrap3panelbodyplugin", "name": "Can add boostrap3 panel body plugin", "content_type": 59}, "model": "auth.permission", "pk": 180}, {"fields": {"codename": "change_boostrap3panelbodyplugin", "name": "Can change boostrap3 panel body plugin", "content_type": 59}, "model": "auth.permission", "pk": 181}, {"fields": {"codename": "delete_boostrap3panelbodyplugin", "name": "Can delete boostrap3 panel body plugin", "content_type": 59}, "model": "auth.permission", "pk": 182}, {"fields": {"codename": "add_boostrap3panelfooterplugin", "name": "Can add boostrap3 panel footer plugin", "content_type": 60}, "model": "auth.permission", "pk": 183}, {"fields": {"codename": "change_boostrap3panelfooterplugin", "name": "Can change boostrap3 panel footer plugin", "content_type": 60}, "model": "auth.permission", "pk": 184}, {"fields": {"codename": "delete_boostrap3panelfooterplugin", "name": "Can delete boostrap3 panel footer plugin", "content_type": 60}, "model": "auth.permission", "pk": 185}, {"fields": {"codename": "add_bootstrap3rowplugin", "name": "Can add bootstrap3 row plugin", "content_type": 61}, "model": "auth.permission", "pk": 186}, {"fields": {"codename": "change_bootstrap3rowplugin", "name": "Can change bootstrap3 row plugin", "content_type": 61}, "model": "auth.permission", "pk": 187}, {"fields": {"codename": "delete_bootstrap3rowplugin", "name": "Can delete bootstrap3 row plugin", "content_type": 61}, "model": "auth.permission", "pk": 188}, {"fields": {"codename": "add_bootstrap3columnplugin", "name": "Can add bootstrap3 column plugin", "content_type": 62}, "model": "auth.permission", "pk": 189}, {"fields": {"codename": "change_bootstrap3columnplugin", "name": "Can change bootstrap3 column plugin", "content_type": 62}, "model": "auth.permission", "pk": 190}, {"fields": {"codename": "delete_bootstrap3columnplugin", "name": "Can delete bootstrap3 column plugin", "content_type": 62}, "model": "auth.permission", "pk": 191}, {"fields": {"codename": "add_bootstrap3accordionplugin", "name": "Can add bootstrap3 accordion plugin", "content_type": 63}, "model": "auth.permission", "pk": 192}, {"fields": {"codename": "change_bootstrap3accordionplugin", "name": "Can change bootstrap3 accordion plugin", "content_type": 63}, "model": "auth.permission", "pk": 193}, {"fields": {"codename": "delete_bootstrap3accordionplugin", "name": "Can delete bootstrap3 accordion plugin", "content_type": 63}, "model": "auth.permission", "pk": 194}, {"fields": {"codename": "add_bootstrap3accordionitemplugin", "name": "Can add bootstrap3 accordion item plugin", "content_type": 64}, "model": "auth.permission", "pk": 195}, {"fields": {"codename": "change_bootstrap3accordionitemplugin", "name": "Can change bootstrap3 accordion item plugin", "content_type": 64}, "model": "auth.permission", "pk": 196}, {"fields": {"codename": "delete_bootstrap3accordionitemplugin", "name": "Can delete bootstrap3 accordion item plugin", "content_type": 64}, "model": "auth.permission", "pk": 197}, {"fields": {"codename": "add_bootstrap3listgroupplugin", "name": "Can add bootstrap3 list group plugin", "content_type": 65}, "model": "auth.permission", "pk": 198}, {"fields": {"codename": "change_bootstrap3listgroupplugin", "name": "Can change bootstrap3 list group plugin", "content_type": 65}, "model": "auth.permission", "pk": 199}, {"fields": {"codename": "delete_bootstrap3listgroupplugin", "name": "Can delete bootstrap3 list group plugin", "content_type": 65}, "model": "auth.permission", "pk": 200}, {"fields": {"codename": "add_bootstrap3listgroupitemplugin", "name": "Can add bootstrap3 list group item plugin", "content_type": 66}, "model": "auth.permission", "pk": 201}, {"fields": {"codename": "change_bootstrap3listgroupitemplugin", "name": "Can change bootstrap3 list group item plugin", "content_type": 66}, "model": "auth.permission", "pk": 202}, {"fields": {"codename": "delete_bootstrap3listgroupitemplugin", "name": "Can delete bootstrap3 list group item plugin", "content_type": 66}, "model": "auth.permission", "pk": 203}, {"fields": {"codename": "add_bootstrap3carouselplugin", "name": "Can add bootstrap3 carousel plugin", "content_type": 67}, "model": "auth.permission", "pk": 204}, {"fields": {"codename": "change_bootstrap3carouselplugin", "name": "Can change bootstrap3 carousel plugin", "content_type": 67}, "model": "auth.permission", "pk": 205}, {"fields": {"codename": "delete_bootstrap3carouselplugin", "name": "Can delete bootstrap3 carousel plugin", "content_type": 67}, "model": "auth.permission", "pk": 206}, {"fields": {"codename": "add_bootstrap3carouselslideplugin", "name": "Can add bootstrap3 carousel slide plugin", "content_type": 68}, "model": "auth.permission", "pk": 207}, {"fields": {"codename": "change_bootstrap3carouselslideplugin", "name": "Can change bootstrap3 carousel slide plugin", "content_type": 68}, "model": "auth.permission", "pk": 208}, {"fields": {"codename": "delete_bootstrap3carouselslideplugin", "name": "Can delete bootstrap3 carousel slide plugin", "content_type": 68}, "model": "auth.permission", "pk": 209}, {"fields": {"codename": "add_bootstrap3carouselslidefolderplugin", "name": "Can add bootstrap3 carousel slide folder plugin", "content_type": 69}, "model": "auth.permission", "pk": 210}, {"fields": {"codename": "change_bootstrap3carouselslidefolderplugin", "name": "Can change bootstrap3 carousel slide folder plugin", "content_type": 69}, "model": "auth.permission", "pk": 211}, {"fields": {"codename": "delete_bootstrap3carouselslidefolderplugin", "name": "Can delete bootstrap3 carousel slide folder plugin", "content_type": 69}, "model": "auth.permission", "pk": 212}, {"fields": {"codename": "add_category", "name": "Can add category", "content_type": 71}, "model": "auth.permission", "pk": 213}, {"fields": {"codename": "change_category", "name": "Can change category", "content_type": 71}, "model": "auth.permission", "pk": 214}, {"fields": {"codename": "delete_category", "name": "Can delete category", "content_type": 71}, "model": "auth.permission", "pk": 215}, {"fields": {"username": "admin", "first_name": "", "last_name": "", "is_active": true, "is_superuser": true, "is_staff": true, "last_login": null, "groups": [], "user_permissions": [], "password": "pbkdf2_sha256$20000$nrlrz61kZ6cm$XR2l7F43pKnA2SmTBqLoGU3DrUT0x920A7skmN5Gr5s=", "email": "admin@admin.com", "date_joined": "2016-11-08T03:06:22.677Z"}, "model": "auth.user", "pk": 1}, {"fields": {"username": "superuser", "first_name": "", "last_name": "", "is_active": true, "is_superuser": true, "is_staff": true, "last_login": "2016-11-08T03:09:13.720Z", "groups": [], "user_permissions": [], "password": "pbkdf2_sha256$20000$XCRcrbYNXzIC$+qdpm55EQ+jF2yY5YyJe9cAUvceCHrBCWSYE0mItzvQ=", "email": "superuser@1.com", "date_joined": "2016-11-08T03:08:45.863Z"}, "model": "auth.user", "pk": 2}, {"fields": {"username": "1", "first_name": "", "last_name": "", "is_active": true, "is_superuser": false, "is_staff": false, "last_login": "2016-11-08T09:01:39.739Z", "groups": [], "user_permissions": [], "password": "pbkdf2_sha256$20000$yjLml6j6K3KB$y7O8IuA6aXJxmSycdn+7RIhQ1rWXmfHwXm1V/CGo9ow=", "email": "1@1.com", "date_joined": "2016-11-08T07:52:46.564Z"}, "model": "auth.user", "pk": 3}, {"fields": {"username": "2", "first_name": "", "last_name": "", "is_active": true, "is_superuser": false, "is_staff": false, "last_login": null, "groups": [], "user_permissions": [], "password": "pbkdf2_sha256$20000$4QLrJUOHPGQf$HXUHxysrC0sooMOPTPwCcE3O0EMYza/TEAZ6DQg0ZlY=", "email": "2@2.com", "date_joined": "2016-11-08T08:18:17.467Z"}, "model": "auth.user", "pk": 4}, {"fields": {"username": "3", "first_name": "", "last_name": "", "is_active": true, "is_superuser": false, "is_staff": false, "last_login": null, "groups": [], "user_permissions": [], "password": "pbkdf2_sha256$20000$GFLTR6aiYbxE$l/gPUOdNeTviXcy8UvZe/CZ9la5xj8c+JmCFHCj3Z5g=", "email": "240773487@qq.com", "date_joined": "2016-11-08T08:43:39.253Z"}, "model": "auth.user", "pk": 5}, {"fields": {"action_flag": 2, "action_time": "2016-11-08T03:12:27.042Z", "object_repr": "Blog", "object_id": "3", "change_message": "", "user": 2, "content_type": 2}, "model": "admin.logentry", "pk": 1}, {"fields": {"action_flag": 3, "action_time": "2016-11-08T03:22:40.862Z", "object_repr": "\u9875\u9762\u7c7b\u578b", "object_id": "5", "change_message": "", "user": 2, "content_type": 2}, "model": "admin.logentry", "pk": 2}, {"fields": {"action_flag": 2, "action_time": "2016-11-08T03:23:28.841Z", "object_repr": "Home", "object_id": "1", "change_message": "\u5df2\u4fee\u6539 login_required \u548c limit_visibility_in_menu \u3002", "user": 2, "content_type": 2}, "model": "admin.logentry", "pk": 3}, {"fields": {"action_flag": 2, "action_time": "2016-11-08T03:23:42.569Z", "object_repr": "Home", "object_id": "1", "change_message": "\u5df2\u4fee\u6539 login_required \u3002", "user": 2, "content_type": 2}, "model": "admin.logentry", "pk": 4}, {"fields": {"action_flag": 2, "action_time": "2016-11-08T06:39:51.011Z", "object_repr": "Home", "object_id": "1", "change_message": "", "user": 2, "content_type": 2}, "model": "admin.logentry", "pk": 5}, {"fields": {"action_flag": 2, "action_time": "2016-11-08T06:41:16.519Z", "object_repr": "Home", "object_id": "1", "change_message": "", "user": 2, "content_type": 2}, "model": "admin.logentry", "pk": 6}, {"fields": {"action_flag": 2, "action_time": "2016-11-08T06:42:01.967Z", "object_repr": "Home", "object_id": "1", "change_message": "", "user": 2, "content_type": 2}, "model": "admin.logentry", "pk": 7}, {"fields": {"action_flag": 2, "action_time": "2016-11-08T06:42:41.668Z", "object_repr": "Home", "object_id": "1", "change_message": "", "user": 2, "content_type": 2}, "model": "admin.logentry", "pk": 8}, {"fields": {"action_flag": 2, "action_time": "2016-11-08T06:44:31.145Z", "object_repr": "Home", "object_id": "1", "change_message": "", "user": 2, "content_type": 2}, "model": "admin.logentry", "pk": 9}, {"fields": {"action_flag": 2, "action_time": "2016-11-09T03:22:09.071Z", "object_repr": "Home", "object_id": "1", "change_message": "", "user": 2, "content_type": 2}, "model": "admin.logentry", "pk": 10}, {"fields": {"action_flag": 2, "action_time": "2016-11-09T05:21:06.409Z", "object_repr": "Home", "object_id": "1", "change_message": "", "user": 2, "content_type": 2}, "model": "admin.logentry", "pk": 11}, {"fields": {"action_flag": 3, "action_time": "2016-11-09T05:21:30.293Z", "object_repr": "1", "object_id": "1", "change_message": "", "user": 2, "content_type": 15}, "model": "admin.logentry", "pk": 12}, {"fields": {"action_flag": 3, "action_time": "2016-11-09T05:22:06.199Z", "object_repr": "6", "object_id": "6", "change_message": "", "user": 2, "content_type": 15}, "model": "admin.logentry", "pk": 13}, {"fields": {"action_flag": 2, "action_time": "2016-11-09T05:24:06.572Z", "object_repr": "Home", "object_id": "1", "change_message": "", "user": 2, "content_type": 2}, "model": "admin.logentry", "pk": 14}, {"fields": {"action_flag": 2, "action_time": "2016-11-09T05:34:41.963Z", "object_repr": "Home", "object_id": "1", "change_message": "", "user": 2, "content_type": 2}, "model": "admin.logentry", "pk": 15}, {"fields": {"action_flag": 2, "action_time": "2016-11-09T05:36:06.807Z", "object_repr": "Home", "object_id": "1", "change_message": "", "user": 2, "content_type": 2}, "model": "admin.logentry", "pk": 16}, {"fields": {"action_flag": 3, "action_time": "2016-11-09T05:37:05.036Z", "object_repr": "37", "object_id": "37", "change_message": "", "user": 2, "content_type": 15}, "model": "admin.logentry", "pk": 17}, {"fields": {"action_flag": 2, "action_time": "2016-11-09T05:38:42.176Z", "object_repr": "Home", "object_id": "1", "change_message": "", "user": 2, "content_type": 2}, "model": "admin.logentry", "pk": 18}, {"fields": {"action_flag": 1, "action_time": "2016-11-09T05:44:04.606Z", "object_repr": "Desc", "object_id": "1", "change_message": "", "user": 2, "content_type": 40}, "model": "admin.logentry", "pk": 19}, {"fields": {"action_flag": 2, "action_time": "2016-11-09T05:44:19.278Z", "object_repr": "Home", "object_id": "1", "change_message": "", "user": 2, "content_type": 2}, "model": "admin.logentry", "pk": 20}, {"fields": {"action_flag": 2, "action_time": "2016-11-09T05:47:03.421Z", "object_repr": "Desc", "object_id": "1", "change_message": "\u5df2\u4fee\u6539 html \u3002", "user": 2, "content_type": 40}, "model": "admin.logentry", "pk": 21}, {"fields": {"action_flag": 2, "action_time": "2016-11-09T05:47:38.804Z", "object_repr": "Home", "object_id": "1", "change_message": "", "user": 2, "content_type": 2}, "model": "admin.logentry", "pk": 22}, {"fields": {"action_flag": 2, "action_time": "2016-11-09T05:49:26.656Z", "object_repr": "Desc", "object_id": "1", "change_message": "\u5df2\u4fee\u6539 html \u3002", "user": 2, "content_type": 40}, "model": "admin.logentry", "pk": 23}, {"fields": {"action_flag": 2, "action_time": "2016-11-09T05:49:40.921Z", "object_repr": "Home", "object_id": "1", "change_message": "", "user": 2, "content_type": 2}, "model": "admin.logentry", "pk": 24}, {"fields": {"action_flag": 1, "action_time": "2016-11-09T05:53:13.661Z", "object_repr": "1 -- 500 x 500", "object_id": "1", "change_message": "", "user": 2, "content_type": 29}, "model": "admin.logentry", "pk": 25}, {"fields": {"action_flag": 2, "action_time": "2016-11-09T05:53:25.091Z", "object_repr": "Home", "object_id": "1", "change_message": "", "user": 2, "content_type": 2}, "model": "admin.logentry", "pk": 26}, {"fields": {"action_flag": 2, "action_time": "2016-11-09T05:55:01.216Z", "object_repr": "Home", "object_id": "1", "change_message": "", "user": 2, "content_type": 2}, "model": "admin.logentry", "pk": 27}, {"fields": {"action_flag": 2, "action_time": "2016-11-09T05:55:37.408Z", "object_repr": "Home", "object_id": "1", "change_message": "", "user": 2, "content_type": 2}, "model": "admin.logentry", "pk": 28}, {"fields": {"action_flag": 2, "action_time": "2016-11-09T05:56:39.166Z", "object_repr": "1 -- 350 x 350", "object_id": "1", "change_message": "\u5df2\u4fee\u6539 width \u548c height \u3002", "user": 2, "content_type": 29}, "model": "admin.logentry", "pk": 29}, {"fields": {"action_flag": 2, "action_time": "2016-11-09T05:57:42.936Z", "object_repr": "Home", "object_id": "1", "change_message": "", "user": 2, "content_type": 2}, "model": "admin.logentry", "pk": 30}, {"fields": {"action_flag": 2, "action_time": "2016-11-09T05:58:56.070Z", "object_repr": "Home", "object_id": "1", "change_message": "", "user": 2, "content_type": 2}, "model": "admin.logentry", "pk": 31}, {"fields": {"action_flag": 2, "action_time": "2016-11-09T05:59:39.807Z", "object_repr": "Home", "object_id": "1", "change_message": "", "user": 2, "content_type": 2}, "model": "admin.logentry", "pk": 32}, {"fields": {"action_flag": 2, "action_time": "2016-11-09T06:00:40.481Z", "object_repr": "Home", "object_id": "1", "change_message": "", "user": 2, "content_type": 2}, "model": "admin.logentry", "pk": 33}, {"fields": {"action_flag": 2, "action_time": "2016-11-09T06:03:35.222Z", "object_repr": "Home", "object_id": "1", "change_message": "", "user": 2, "content_type": 2}, "model": "admin.logentry", "pk": 34}, {"fields": {"action_flag": 1, "action_time": "2016-11-09T06:04:40.211Z", "object_repr": "Product", "object_id": "6", "change_message": "", "user": 2, "content_type": 2}, "model": "admin.logentry", "pk": 35}, {"fields": {"action_flag": 2, "action_time": "2016-11-09T06:05:10.143Z", "object_repr": "Product", "object_id": "6", "change_message": "", "user": 2, "content_type": 2}, "model": "admin.logentry", "pk": 36}, {"fields": {"action_flag": 3, "action_time": "2016-11-09T06:05:59.497Z", "object_repr": "5", "object_id": "5", "change_message": "", "user": 2, "content_type": 15}, "model": "admin.logentry", "pk": 37}, {"fields": {"action_flag": 3, "action_time": "2016-11-09T06:07:59.540Z", "object_repr": "42", "object_id": "42", "change_message": "", "user": 2, "content_type": 15}, "model": "admin.logentry", "pk": 38}, {"fields": {"action_flag": 3, "action_time": "2016-11-09T06:08:40.226Z", "object_repr": "191", "object_id": "191", "change_message": "", "user": 2, "content_type": 15}, "model": "admin.logentry", "pk": 39}, {"fields": {"action_flag": 2, "action_time": "2016-11-09T06:11:45.667Z", "object_repr": "Home", "object_id": "1", "change_message": "", "user": 2, "content_type": 2}, "model": "admin.logentry", "pk": 40}, {"fields": {"action_flag": 2, "action_time": "2016-11-09T06:14:28.009Z", "object_repr": "Home", "object_id": "1", "change_message": "", "user": 2, "content_type": 2}, "model": "admin.logentry", "pk": 41}, {"fields": {"action_flag": 2, "action_time": "2016-11-09T06:15:20.954Z", "object_repr": "Home", "object_id": "1", "change_message": "", "user": 2, "content_type": 2}, "model": "admin.logentry", "pk": 42}, {"fields": {"action_flag": 2, "action_time": "2016-11-09T06:16:02.466Z", "object_repr": "Home", "object_id": "1", "change_message": "", "user": 2, "content_type": 2}, "model": "admin.logentry", "pk": 43}, {"fields": {"action_flag": 2, "action_time": "2016-11-09T06:18:02.363Z", "object_repr": "Home", "object_id": "1", "change_message": "", "user": 2, "content_type": 2}, "model": "admin.logentry", "pk": 44}, {"fields": {"action_flag": 2, "action_time": "2016-11-09T06:19:30.699Z", "object_repr": "Desc", "object_id": "1", "change_message": "\u5df2\u4fee\u6539 html \u3002", "user": 2, "content_type": 40}, "model": "admin.logentry", "pk": 45}, {"fields": {"action_flag": 2, "action_time": "2016-11-09T06:19:49.089Z", "object_repr": "Home", "object_id": "1", "change_message": "", "user": 2, "content_type": 2}, "model": "admin.logentry", "pk": 46}, {"fields": {"action_flag": 3, "action_time": "2016-11-09T06:20:23.822Z", "object_repr": "73", "object_id": "73", "change_message": "", "user": 2, "content_type": 15}, "model": "admin.logentry", "pk": 47}, {"fields": {"action_flag": 2, "action_time": "2016-11-09T06:21:45.424Z", "object_repr": "Home", "object_id": "1", "change_message": "", "user": 2, "content_type": 2}, "model": "admin.logentry", "pk": 48}, {"fields": {"action_flag": 2, "action_time": "2016-11-09T06:23:49.404Z", "object_repr": "Home", "object_id": "1", "change_message": "", "user": 2, "content_type": 2}, "model": "admin.logentry", "pk": 49}, {"fields": {"action_flag": 2, "action_time": "2016-11-09T06:24:24.665Z", "object_repr": "Home", "object_id": "1", "change_message": "", "user": 2, "content_type": 2}, "model": "admin.logentry", "pk": 50}, {"fields": {"action_flag": 1, "action_time": "2016-11-09T06:29:01.963Z", "object_repr": "header -- 900 x 350", "object_id": "2", "change_message": "", "user": 2, "content_type": 29}, "model": "admin.logentry", "pk": 51}, {"fields": {"action_flag": 2, "action_time": "2016-11-09T06:30:00.476Z", "object_repr": "header -- 1500 x 350", "object_id": "2", "change_message": "\u5df2\u4fee\u6539 width \u3002", "user": 2, "content_type": 29}, "model": "admin.logentry", "pk": 52}, {"fields": {"action_flag": 2, "action_time": "2016-11-09T06:41:31.702Z", "object_repr": "Home", "object_id": "1", "change_message": "", "user": 2, "content_type": 2}, "model": "admin.logentry", "pk": 53}, {"fields": {"action_flag": 3, "action_time": "2016-11-09T06:48:48.683Z", "object_repr": "266", "object_id": "266", "change_message": "", "user": 2, "content_type": 15}, "model": "admin.logentry", "pk": 54}, {"fields": {"action_flag": 2, "action_time": "2016-11-09T06:53:14.378Z", "object_repr": "Home", "object_id": "1", "change_message": "", "user": 2, "content_type": 2}, "model": "admin.logentry", "pk": 55}, {"fields": {"action_flag": 2, "action_time": "2016-11-09T06:54:52.619Z", "object_repr": "Home", "object_id": "1", "change_message": "", "user": 2, "content_type": 2}, "model": "admin.logentry", "pk": 56}, {"fields": {"action_flag": 2, "action_time": "2016-11-09T07:21:10.022Z", "object_repr": "Home", "object_id": "1", "change_message": "", "user": 2, "content_type": 2}, "model": "admin.logentry", "pk": 57}, {"fields": {"action_flag": 3, "action_time": "2016-11-09T07:29:32.347Z", "object_repr": "324", "object_id": "324", "change_message": "", "user": 2, "content_type": 15}, "model": "admin.logentry", "pk": 58}, {"fields": {"action_flag": 2, "action_time": "2016-11-09T07:35:16.240Z", "object_repr": "Home", "object_id": "1", "change_message": "", "user": 2, "content_type": 2}, "model": "admin.logentry", "pk": 59}, {"fields": {"action_flag": 2, "action_time": "2016-11-09T07:35:42.993Z", "object_repr": "Home", "object_id": "1", "change_message": "", "user": 2, "content_type": 2}, "model": "admin.logentry", "pk": 60}, {"fields": {"action_flag": 2, "action_time": "2016-11-09T07:36:08.702Z", "object_repr": "Home", "object_id": "1", "change_message": "", "user": 2, "content_type": 2}, "model": "admin.logentry", "pk": 61}, {"fields": {"action_flag": 2, "action_time": "2016-11-09T07:37:53.125Z", "object_repr": "Home", "object_id": "1", "change_message": "", "user": 2, "content_type": 2}, "model": "admin.logentry", "pk": 62}, {"fields": {"action_flag": 2, "action_time": "2016-11-09T07:39:19.919Z", "object_repr": "Home", "object_id": "1", "change_message": "", "user": 2, "content_type": 2}, "model": "admin.logentry", "pk": 63}, {"fields": {"action_flag": 2, "action_time": "2016-11-09T07:41:07.163Z", "object_repr": "Home", "object_id": "1", "change_message": "", "user": 2, "content_type": 2}, "model": "admin.logentry", "pk": 64}, {"fields": {"action_flag": 2, "action_time": "2016-11-09T07:43:28.688Z", "object_repr": "Home", "object_id": "1", "change_message": "", "user": 2, "content_type": 2}, "model": "admin.logentry", "pk": 65}, {"fields": {"action_flag": 2, "action_time": "2016-11-09T07:45:09.759Z", "object_repr": "Home", "object_id": "1", "change_message": "", "user": 2, "content_type": 2}, "model": "admin.logentry", "pk": 66}, {"fields": {"action_flag": 2, "action_time": "2016-11-09T07:47:19.221Z", "object_repr": "Home", "object_id": "1", "change_message": "", "user": 2, "content_type": 2}, "model": "admin.logentry", "pk": 67}, {"fields": {"action_flag": 3, "action_time": "2016-11-09T07:49:45.049Z", "object_repr": "490", "object_id": "490", "change_message": "", "user": 2, "content_type": 15}, "model": "admin.logentry", "pk": 68}, {"fields": {"action_flag": 3, "action_time": "2016-11-09T07:56:02.678Z", "object_repr": "493", "object_id": "493", "change_message": "", "user": 2, "content_type": 15}, "model": "admin.logentry", "pk": 69}, {"fields": {"action_flag": 2, "action_time": "2016-11-09T07:56:08.930Z", "object_repr": "Home", "object_id": "1", "change_message": "", "user": 2, "content_type": 2}, "model": "admin.logentry", "pk": 70}, {"fields": {"action_flag": 2, "action_time": "2016-11-09T07:57:49.912Z", "object_repr": "Home", "object_id": "1", "change_message": "", "user": 2, "content_type": 2}, "model": "admin.logentry", "pk": 71}, {"fields": {"action_flag": 2, "action_time": "2016-11-09T07:58:22.797Z", "object_repr": "Home", "object_id": "1", "change_message": "", "user": 2, "content_type": 2}, "model": "admin.logentry", "pk": 72}, {"fields": {"action_flag": 2, "action_time": "2016-11-09T08:30:59.182Z", "object_repr": "Home", "object_id": "1", "change_message": "", "user": 2, "content_type": 2}, "model": "admin.logentry", "pk": 73}, {"fields": {"action_flag": 2, "action_time": "2016-11-10T01:50:03.867Z", "object_repr": "Home", "object_id": "1", "change_message": "", "user": 2, "content_type": 2}, "model": "admin.logentry", "pk": 74}, {"fields": {"action_flag": 2, "action_time": "2016-11-10T01:50:29.106Z", "object_repr": "Home", "object_id": "1", "change_message": "", "user": 2, "content_type": 2}, "model": "admin.logentry", "pk": 75}, {"fields": {"action_flag": 2, "action_time": "2016-11-10T02:07:59.414Z", "object_repr": "Home", "object_id": "1", "change_message": "", "user": 2, "content_type": 2}, "model": "admin.logentry", "pk": 76}, {"fields": {"action_flag": 2, "action_time": "2016-11-10T02:14:36.222Z", "object_repr": "Home", "object_id": "1", "change_message": "", "user": 2, "content_type": 2}, "model": "admin.logentry", "pk": 77}, {"fields": {"action_flag": 3, "action_time": "2016-11-10T02:15:15.178Z", "object_repr": "646", "object_id": "646", "change_message": "", "user": 2, "content_type": 15}, "model": "admin.logentry", "pk": 78}, {"fields": {"action_flag": 2, "action_time": "2016-11-10T02:18:31.601Z", "object_repr": "Home", "object_id": "1", "change_message": "", "user": 2, "content_type": 2}, "model": "admin.logentry", "pk": 79}, {"fields": {"action_flag": 3, "action_time": "2016-11-10T02:18:52.839Z", "object_repr": "670", "object_id": "670", "change_message": "", "user": 2, "content_type": 15}, "model": "admin.logentry", "pk": 80}, {"fields": {"action_flag": 2, "action_time": "2016-11-10T02:19:20.104Z", "object_repr": "Home", "object_id": "1", "change_message": "", "user": 2, "content_type": 2}, "model": "admin.logentry", "pk": 81}, {"fields": {"action_flag": 3, "action_time": "2016-11-10T03:00:26.898Z", "object_repr": "734", "object_id": "734", "change_message": "", "user": 2, "content_type": 15}, "model": "admin.logentry", "pk": 82}, {"fields": {"action_flag": 1, "action_time": "2016-11-10T03:06:41.726Z", "object_repr": "copyright", "object_id": "2", "change_message": "", "user": 2, "content_type": 40}, "model": "admin.logentry", "pk": 83}, {"fields": {"action_flag": 2, "action_time": "2016-11-10T03:30:26.143Z", "object_repr": "copyright", "object_id": "2", "change_message": "\u6ca1\u6709\u5b57\u6bb5\u88ab\u4fee\u6539\u3002", "user": 2, "content_type": 40}, "model": "admin.logentry", "pk": 84}, {"fields": {"action_flag": 2, "action_time": "2016-11-10T03:31:03.189Z", "object_repr": "Home", "object_id": "1", "change_message": "", "user": 2, "content_type": 2}, "model": "admin.logentry", "pk": 85}, {"fields": {"action_flag": 3, "action_time": "2016-11-10T03:37:03.857Z", "object_repr": "739", "object_id": "739", "change_message": "", "user": 2, "content_type": 15}, "model": "admin.logentry", "pk": 86}, {"fields": {"action_flag": 2, "action_time": "2016-11-10T03:37:21.400Z", "object_repr": "Home", "object_id": "1", "change_message": "", "user": 2, "content_type": 2}, "model": "admin.logentry", "pk": 87}, {"fields": {"action_flag": 2, "action_time": "2016-11-10T03:38:46.308Z", "object_repr": "Home", "object_id": "1", "change_message": "", "user": 2, "content_type": 2}, "model": "admin.logentry", "pk": 88}, {"fields": {"action_flag": 3, "action_time": "2016-11-10T03:39:10.421Z", "object_repr": "807", "object_id": "807", "change_message": "", "user": 2, "content_type": 15}, "model": "admin.logentry", "pk": 89}, {"fields": {"action_flag": 2, "action_time": "2016-11-10T03:39:43.715Z", "object_repr": "Home", "object_id": "1", "change_message": "", "user": 2, "content_type": 2}, "model": "admin.logentry", "pk": 90}, {"fields": {"action_flag": 2, "action_time": "2016-11-10T03:42:25.774Z", "object_repr": "Home", "object_id": "1", "change_message": "", "user": 2, "content_type": 2}, "model": "admin.logentry", "pk": 91}, {"fields": {"action_flag": 2, "action_time": "2016-11-10T04:49:31.213Z", "object_repr": "forth.ai.com", "object_id": "1", "change_message": "\u5df2\u4fee\u6539 domain \u548c name \u3002", "user": 2, "content_type": 9}, "model": "admin.logentry", "pk": 92}, {"fields": {"action_flag": 2, "action_time": "2016-11-10T04:49:45.586Z", "object_repr": "Home", "object_id": "1", "change_message": "", "user": 2, "content_type": 2}, "model": "admin.logentry", "pk": 93}, {"fields": {"action_flag": 2, "action_time": "2016-11-10T05:24:12.586Z", "object_repr": "Home", "object_id": "1", "change_message": "", "user": 2, "content_type": 2}, "model": "admin.logentry", "pk": 94}, {"fields": {"action_flag": 3, "action_time": "2016-11-10T05:24:38.403Z", "object_repr": "881", "object_id": "881", "change_message": "", "user": 2, "content_type": 15}, "model": "admin.logentry", "pk": 95}, {"fields": {"action_flag": 2, "action_time": "2016-11-10T05:25:29.729Z", "object_repr": "Home", "object_id": "1", "change_message": "", "user": 2, "content_type": 2}, "model": "admin.logentry", "pk": 96}, {"fields": {"action_flag": 2, "action_time": "2016-11-10T07:00:50.089Z", "object_repr": "footer", "object_id": "1", "change_message": "\u5df2\u4fee\u6539 site \u3002", "user": 2, "content_type": 18}, "model": "admin.logentry", "pk": 97}, {"fields": {"action_flag": 3, "action_time": "2016-11-10T07:20:43.060Z", "object_repr": "28", "object_id": "28", "change_message": "", "user": 2, "content_type": 15}, "model": "admin.logentry", "pk": 98}, {"fields": {"action_flag": 2, "action_time": "2016-11-10T07:20:48.891Z", "object_repr": "Blog", "object_id": "3", "change_message": "", "user": 2, "content_type": 2}, "model": "admin.logentry", "pk": 99}, {"fields": {"action_flag": 2, "action_time": "2016-11-10T07:21:52.987Z", "object_repr": "Home", "object_id": "1", "change_message": "", "user": 2, "content_type": 2}, "model": "admin.logentry", "pk": 100}, {"fields": {"action_flag": 2, "action_time": "2016-11-10T07:31:34.426Z", "object_repr": "Home", "object_id": "1", "change_message": "", "user": 2, "content_type": 2}, "model": "admin.logentry", "pk": 101}, {"fields": {"action_flag": 3, "action_time": "2016-11-10T07:31:55.159Z", "object_repr": "623", "object_id": "623", "change_message": "", "user": 2, "content_type": 15}, "model": "admin.logentry", "pk": 102}, {"fields": {"action_flag": 2, "action_time": "2016-11-10T07:32:24.921Z", "object_repr": "Home", "object_id": "1", "change_message": "", "user": 2, "content_type": 2}, "model": "admin.logentry", "pk": 103}, {"fields": {"action_flag": 2, "action_time": "2016-11-10T07:33:15.867Z", "object_repr": "Home", "object_id": "1", "change_message": "", "user": 2, "content_type": 2}, "model": "admin.logentry", "pk": 104}, {"fields": {"action_flag": 2, "action_time": "2016-11-10T07:33:36.541Z", "object_repr": "Home", "object_id": "1", "change_message": "", "user": 2, "content_type": 2}, "model": "admin.logentry", "pk": 105}, {"fields": {"action_flag": 2, "action_time": "2016-11-10T07:48:34.142Z", "object_repr": "Home", "object_id": "1", "change_message": "", "user": 2, "content_type": 2}, "model": "admin.logentry", "pk": 106}, {"fields": {"action_flag": 2, "action_time": "2016-11-10T07:55:02.981Z", "object_repr": "Home", "object_id": "1", "change_message": "", "user": 2, "content_type": 2}, "model": "admin.logentry", "pk": 107}, {"fields": {"action_flag": 2, "action_time": "2016-11-10T07:57:10.566Z", "object_repr": "Home", "object_id": "1", "change_message": "", "user": 2, "content_type": 2}, "model": "admin.logentry", "pk": 108}, {"fields": {"action_flag": 3, "action_time": "2016-11-10T07:59:40.389Z", "object_repr": "1140", "object_id": "1140", "change_message": "", "user": 2, "content_type": 15}, "model": "admin.logentry", "pk": 109}, {"fields": {"action_flag": 2, "action_time": "2016-11-10T08:06:27.032Z", "object_repr": "Home", "object_id": "1", "change_message": "", "user": 2, "content_type": 2}, "model": "admin.logentry", "pk": 110}, {"fields": {"action_flag": 2, "action_time": "2016-11-10T08:14:52.077Z", "object_repr": "Home", "object_id": "1", "change_message": "", "user": 2, "content_type": 2}, "model": "admin.logentry", "pk": 111}, {"fields": {"action_flag": 2, "action_time": "2016-11-10T08:17:16.385Z", "object_repr": "Home", "object_id": "1", "change_message": "", "user": 2, "content_type": 2}, "model": "admin.logentry", "pk": 112}, {"fields": {"action_flag": 2, "action_time": "2016-11-10T08:20:49.580Z", "object_repr": "Home", "object_id": "1", "change_message": "", "user": 2, "content_type": 2}, "model": "admin.logentry", "pk": 113}, {"fields": {"action_flag": 2, "action_time": "2016-11-10T08:23:25.931Z", "object_repr": "Home", "object_id": "1", "change_message": "", "user": 2, "content_type": 2}, "model": "admin.logentry", "pk": 114}, {"fields": {"action_flag": 2, "action_time": "2016-11-10T08:25:55.133Z", "object_repr": "Home", "object_id": "1", "change_message": "", "user": 2, "content_type": 2}, "model": "admin.logentry", "pk": 115}, {"fields": {"action_flag": 2, "action_time": "2016-11-10T08:27:28.051Z", "object_repr": "Home", "object_id": "1", "change_message": "", "user": 2, "content_type": 2}, "model": "admin.logentry", "pk": 116}, {"fields": {"action_flag": 2, "action_time": "2016-11-10T08:34:45.287Z", "object_repr": "Home", "object_id": "1", "change_message": "", "user": 2, "content_type": 2}, "model": "admin.logentry", "pk": 117}, {"fields": {"action_flag": 2, "action_time": "2016-11-10T08:40:06.686Z", "object_repr": "Home", "object_id": "1", "change_message": "", "user": 2, "content_type": 2}, "model": "admin.logentry", "pk": 118}, {"fields": {"action_flag": 2, "action_time": "2016-11-10T08:47:28.142Z", "object_repr": "Home", "object_id": "1", "change_message": "", "user": 2, "content_type": 2}, "model": "admin.logentry", "pk": 119}, {"fields": {"clipboard": 1, "user": 2, "language": "zh"}, "model": "cms.usersettings", "pk": 1}, {"fields": {"user_permissions": [], "groups": [], "created_by": 2}, "model": "cms.pageuser", "pk": 3}, {"fields": {"user_permissions": [], "groups": [], "created_by": 2}, "model": "cms.pageuser", "pk": 4}, {"fields": {"user_permissions": [], "groups": [], "created_by": 2}, "model": "cms.pageuser", "pk": 5}, {"fields": {"sha1": "990f6f9dd0ecb5348bfcc47305553d58c0d8f326", "original_filename": "home-bg.jpg", "name": "", "description": null, "modified_at": "2016-11-08T06:39:14.685Z", "_file_size": 172779, "uploaded_at": "2016-11-08T06:39:14.685Z", "file": "filer_public/06/92/06920ad5-1aa9-4536-8382-d5c4069c4a29/home-bg.jpg", "owner": 2, "is_public": true, "folder": null, "has_all_mandatory_data": false, "polymorphic_ctype": 28}, "model": "filer.file", "pk": 1}, {"fields": {"sha1": "4c113edb72b5e7b43c762b0555ca8b1fa0d5d4d8", "original_filename": "post-sample-image.jpg", "name": "", "description": null, "modified_at": "2016-11-09T05:23:16.149Z", "_file_size": 115144, "uploaded_at": "2016-11-09T05:23:16.149Z", "file": "filer_public/77/7a/777a70c1-b269-47b1-9fe2-327da6302b98/post-sample-image.jpg", "owner": 2, "is_public": true, "folder": null, "has_all_mandatory_data": false, "polymorphic_ctype": 28}, "model": "filer.file", "pk": 2}, {"fields": {"sha1": "6af63305c923899017e727b5ca968a2703bc08cf", "original_filename": "contact-bg.jpg", "name": "", "description": null, "modified_at": "2016-11-09T05:52:29.794Z", "_file_size": 290070, "uploaded_at": "2016-11-09T05:52:29.794Z", "file": "filer_public/bb/de/bbdefec3-3cfb-4aba-aa68-bcbc9fd3f159/contact-bg.jpg", "owner": 2, "is_public": true, "folder": null, "has_all_mandatory_data": false, "polymorphic_ctype": 28}, "model": "filer.file", "pk": 3}, {"fields": {"user": 2}, "model": "filer.clipboard", "pk": 1}, {"fields": {"subject_location": "", "must_always_publish_copyright": false, "date_taken": "2016-11-08T06:39:13.765Z", "author": null, "_height": 872, "_width": 1900, "must_always_publish_author_credit": false, "default_alt_text": null, "default_caption": null}, "model": "filer.image", "pk": 1}, {"fields": {"subject_location": "", "must_always_publish_copyright": false, "date_taken": "2016-11-09T05:23:15.829Z", "author": null, "_height": 514, "_width": 778, "must_always_publish_author_credit": false, "default_alt_text": null, "default_caption": null}, "model": "filer.image", "pk": 2}, {"fields": {"subject_location": "", "must_always_publish_copyright": false, "date_taken": "2016-11-09T05:52:29.675Z", "author": null, "_height": 864, "_width": 1900, "must_always_publish_author_credit": false, "default_alt_text": null, "default_caption": null}, "model": "filer.image", "pk": 3}]