[{"fields": {"model": "placeholder", "app_label": "cms"}, "model": "contenttypes.contenttype", "pk": 1}, {"fields": {"model": "page", "app_label": "cms"}, "model": "contenttypes.contenttype", "pk": 2}, {"fields": {"model": "permission", "app_label": "auth"}, "model": "contenttypes.contenttype", "pk": 3}, {"fields": {"model": "group", "app_label": "auth"}, "model": "contenttypes.contenttype", "pk": 4}, {"fields": {"model": "user", "app_label": "auth"}, "model": "contenttypes.contenttype", "pk": 5}, {"fields": {"model": "contenttype", "app_label": "contenttypes"}, "model": "contenttypes.contenttype", "pk": 6}, {"fields": {"model": "session", "app_label": "sessions"}, "model": "contenttypes.contenttype", "pk": 7}, {"fields": {"model": "logentry", "app_label": "admin"}, "model": "contenttypes.contenttype", "pk": 8}, {"fields": {"model": "site", "app_label": "sites"}, "model": "contenttypes.contenttype", "pk": 9}, {"fields": {"model": "usersettings", "app_label": "cms"}, "model": "contenttypes.contenttype", "pk": 10}, {"fields": {"model": "globalpagepermission", "app_label": "cms"}, "model": "contenttypes.contenttype", "pk": 11}, {"fields": {"model": "pagepermission", "app_label": "cms"}, "model": "contenttypes.contenttype", "pk": 12}, {"fields": {"model": "pageuser", "app_label": "cms"}, "model": "contenttypes.contenttype", "pk": 13}, {"fields": {"model": "pageusergroup", "app_label": "cms"}, "model": "contenttypes.contenttype", "pk": 14}, {"fields": {"model": "cmsplugin", "app_label": "cms"}, "model": "contenttypes.contenttype", "pk": 15}, {"fields": {"model": "title", "app_label": "cms"}, "model": "contenttypes.contenttype", "pk": 16}, {"fields": {"model": "placeholderreference", "app_label": "cms"}, "model": "contenttypes.contenttype", "pk": 17}, {"fields": {"model": "staticplaceholder", "app_label": "cms"}, "model": "contenttypes.contenttype", "pk": 18}, {"fields": {"model": "aliaspluginmodel", "app_label": "cms"}, "model": "contenttypes.contenttype", "pk": 19}, {"fields": {"model": "urlconfrevision", "app_label": "cms"}, "model": "contenttypes.contenttype", "pk": 20}, {"fields": {"model": "cachekey", "app_label": "menus"}, "model": "contenttypes.contenttype", "pk": 21}, {"fields": {"model": "text", "app_label": "djangocms_text_ckeditor"}, "model": "contenttypes.contenttype", "pk": 22}, {"fields": {"model": "folder", "app_label": "filer"}, "model": "contenttypes.contenttype", "pk": 23}, {"fields": {"model": "folderpermission", "app_label": "filer"}, "model": "contenttypes.contenttype", "pk": 24}, {"fields": {"model": "file", "app_label": "filer"}, "model": "contenttypes.contenttype", "pk": 25}, {"fields": {"model": "clipboard", "app_label": "filer"}, "model": "contenttypes.contenttype", "pk": 26}, {"fields": {"model": "clipboarditem", "app_label": "filer"}, "model": "contenttypes.contenttype", "pk": 27}, {"fields": {"model": "image", "app_label": "filer"}, "model": "contenttypes.contenttype", "pk": 28}, {"fields": {"model": "thumbnailoption", "app_label": "filer"}, "model": "contenttypes.contenttype", "pk": 29}, {"fields": {"model": "source", "app_label": "easy_thumbnails"}, "model": "contenttypes.contenttype", "pk": 30}, {"fields": {"model": "thumbnail", "app_label": "easy_thumbnails"}, "model": "contenttypes.contenttype", "pk": 31}, {"fields": {"model": "thumbnaildimensions", "app_label": "easy_thumbnails"}, "model": "contenttypes.contenttype", "pk": 32}, {"fields": {"model": "multicolumns", "app_label": "djangocms_column"}, "model": "contenttypes.contenttype", "pk": 33}, {"fields": {"model": "column", "app_label": "djangocms_column"}, "model": "contenttypes.contenttype", "pk": 34}, {"fields": {"model": "link", "app_label": "djangocms_link"}, "model": "contenttypes.contenttype", "pk": 35}, {"fields": {"model": "filerfile", "app_label": "cmsplugin_filer_file"}, "model": "contenttypes.contenttype", "pk": 36}, {"fields": {"model": "filerfolder", "app_label": "cmsplugin_filer_folder"}, "model": "contenttypes.contenttype", "pk": 37}, {"fields": {"model": "filerimage", "app_label": "cmsplugin_filer_image"}, "model": "contenttypes.contenttype", "pk": 38}, {"fields": {"model": "style", "app_label": "djangocms_style"}, "model": "contenttypes.contenttype", "pk": 39}, {"fields": {"model": "snippet", "app_label": "djangocms_snippet"}, "model": "contenttypes.contenttype", "pk": 40}, {"fields": {"model": "snippetptr", "app_label": "djangocms_snippet"}, "model": "contenttypes.contenttype", "pk": 41}, {"fields": {"model": "googlemap", "app_label": "djangocms_googlemap"}, "model": "contenttypes.contenttype", "pk": 42}, {"fields": {"model": "videoplayer", "app_label": "djangocms_video"}, "model": "contenttypes.contenttype", "pk": 43}, {"fields": {"model": "videosource", "app_label": "djangocms_video"}, "model": "contenttypes.contenttype", "pk": 44}, {"fields": {"model": "videotrack", "app_label": "djangocms_video"}, "model": "contenttypes.contenttype", "pk": 45}, {"fields": {"model": "token", "app_label": "authtoken"}, "model": "contenttypes.contenttype", "pk": 46}, {"fields": {"model": "backgroundimage", "app_label": "aldryn_background_image"}, "model": "contenttypes.contenttype", "pk": 47}, {"fields": {"model": "boostrap3buttonplugin", "app_label": "aldryn_bootstrap3"}, "model": "contenttypes.contenttype", "pk": 48}, {"fields": {"model": "boostrap3blockquoteplugin", "app_label": "aldryn_bootstrap3"}, "model": "contenttypes.contenttype", "pk": 49}, {"fields": {"model": "boostrap3iconplugin", "app_label": "aldryn_bootstrap3"}, "model": "contenttypes.contenttype", "pk": 50}, {"fields": {"model": "boostrap3labelplugin", "app_label": "aldryn_bootstrap3"}, "model": "contenttypes.contenttype", "pk": 51}, {"fields": {"model": "boostrap3wellplugin", "app_label": "aldryn_bootstrap3"}, "model": "contenttypes.contenttype", "pk": 52}, {"fields": {"model": "boostrap3alertplugin", "app_label": "aldryn_bootstrap3"}, "model": "contenttypes.contenttype", "pk": 53}, {"fields": {"model": "boostrap3imageplugin", "app_label": "aldryn_bootstrap3"}, "model": "contenttypes.contenttype", "pk": 54}, {"fields": {"model": "boostrap3spacerplugin", "app_label": "aldryn_bootstrap3"}, "model": "contenttypes.contenttype", "pk": 55}, {"fields": {"model": "bootstrap3fileplugin", "app_label": "aldryn_bootstrap3"}, "model": "contenttypes.contenttype", "pk": 56}, {"fields": {"model": "boostrap3panelplugin", "app_label": "aldryn_bootstrap3"}, "model": "contenttypes.contenttype", "pk": 57}, {"fields": {"model": "boostrap3panelheadingplugin", "app_label": "aldryn_bootstrap3"}, "model": "contenttypes.contenttype", "pk": 58}, {"fields": {"model": "boostrap3panelbodyplugin", "app_label": "aldryn_bootstrap3"}, "model": "contenttypes.contenttype", "pk": 59}, {"fields": {"model": "boostrap3panelfooterplugin", "app_label": "aldryn_bootstrap3"}, "model": "contenttypes.contenttype", "pk": 60}, {"fields": {"model": "bootstrap3rowplugin", "app_label": "aldryn_bootstrap3"}, "model": "contenttypes.contenttype", "pk": 61}, {"fields": {"model": "bootstrap3columnplugin", "app_label": "aldryn_bootstrap3"}, "model": "contenttypes.contenttype", "pk": 62}, {"fields": {"model": "bootstrap3accordionplugin", "app_label": "aldryn_bootstrap3"}, "model": "contenttypes.contenttype", "pk": 63}, {"fields": {"model": "bootstrap3accordionitemplugin", "app_label": "aldryn_bootstrap3"}, "model": "contenttypes.contenttype", "pk": 64}, {"fields": {"model": "bootstrap3listgroupplugin", "app_label": "aldryn_bootstrap3"}, "model": "contenttypes.contenttype", "pk": 65}, {"fields": {"model": "bootstrap3listgroupitemplugin", "app_label": "aldryn_bootstrap3"}, "model": "contenttypes.contenttype", "pk": 66}, {"fields": {"model": "bootstrap3carouselplugin", "app_label": "aldryn_bootstrap3"}, "model": "contenttypes.contenttype", "pk": 67}, {"fields": {"model": "bootstrap3carouselslideplugin", "app_label": "aldryn_bootstrap3"}, "model": "contenttypes.contenttype", "pk": 68}, {"fields": {"model": "bootstrap3carouselslidefolderplugin", "app_label": "aldryn_bootstrap3"}, "model": "contenttypes.contenttype", "pk": 69}, {"fields": {"model": "categorytranslation", "app_label": "aldryn_categories"}, "model": "contenttypes.contenttype", "pk": 70}, {"fields": {"model": "category", "app_label": "aldryn_categories"}, "model": "contenttypes.contenttype", "pk": 71}, {"fields": {"expire_date": "2016-11-28T01:54:31.889Z", "session_data": "MmJjNzFmYjlhMWJlYWY3ZWMxZDFhYjhkNTdjMzE3MjBlOTE4MWE3Njp7Il9hdXRoX3VzZXJfaWQiOiIxIiwiZmlsZXJfbGFzdF9mb2xkZXJfaWQiOm51bGwsImNtc190b29sYmFyX2Rpc2FibGVkIjpmYWxzZSwid2l6YXJkX3dpemFyZF9jcmVhdGVfdmlldyI6eyJzdGVwX2ZpbGVzIjp7fSwic3RlcCI6bnVsbCwiZXh0cmFfZGF0YSI6e30sInN0ZXBfZGF0YSI6e319LCJfYXV0aF91c2VyX2JhY2tlbmQiOiJkamFuZ28uY29udHJpYi5hdXRoLmJhY2tlbmRzLk1vZGVsQmFja2VuZCIsImNtc19lZGl0IjpmYWxzZSwiX2F1dGhfdXNlcl9oYXNoIjoiMDNiZjYyNTNjZTU2OTMyYWM3MjI1ZTc3MzExM2YxMGU0MWM1NjQwNyJ9"}, "model": "sessions.session", "pk": "a92966g1psuvqdu5j7a2fr78l6sm2hyp"}, {"fields": {"domain": "example.com", "name": "example.com"}, "model": "sites.site", "pk": 1}, {"fields": {"navigation_extenders": null, "site": 1, "application_namespace": null, "path": "0001", "in_navigation": true, "reverse_id": null, "login_required": false, "created_by": "script", "languages": "zh", "publication_end_date": null, "template": "INHERIT", "placeholders": [2, 3], "changed_date": "2016-11-14T01:54:31.468Z", "limit_visibility_in_menu": null, "parent": null, "numchild": 0, "soft_root": false, "is_home": true, "publication_date": "2016-11-13T09:35:55.245Z", "creation_date": "2016-11-13T09:35:55.128Z", "publisher_public": 2, "application_urls": null, "changed_by": "admin", "publisher_is_draft": true, "xframe_options": 0, "depth": 1, "revision_id": 0}, "model": "cms.page", "pk": 1}, {"fields": {"navigation_extenders": null, "site": 1, "application_namespace": null, "path": "0002", "in_navigation": true, "reverse_id": null, "login_required": false, "created_by": "script", "languages": "zh", "publication_end_date": null, "template": "INHERIT", "placeholders": [4, 5], "changed_date": "2016-11-14T01:54:31.429Z", "limit_visibility_in_menu": null, "parent": null, "numchild": 0, "soft_root": false, "is_home": true, "publication_date": "2016-11-13T09:35:55.245Z", "creation_date": "2016-11-13T09:35:55.251Z", "publisher_public": 1, "application_urls": null, "changed_by": "admin", "publisher_is_draft": false, "xframe_options": 0, "depth": 1, "revision_id": 0}, "model": "cms.page", "pk": 2}, {"fields": {"slot": "clipboard", "default_width": null}, "model": "cms.placeholder", "pk": 1}, {"fields": {"slot": "content", "default_width": null}, "model": "cms.placeholder", "pk": 2}, {"fields": {"slot": "header", "default_width": null}, "model": "cms.placeholder", "pk": 3}, {"fields": {"slot": "content", "default_width": null}, "model": "cms.placeholder", "pk": 4}, {"fields": {"slot": "header", "default_width": null}, "model": "cms.placeholder", "pk": 5}, {"fields": {"slot": "footer", "default_width": null}, "model": "cms.placeholder", "pk": 6}, {"fields": {"slot": "footer", "default_width": null}, "model": "cms.placeholder", "pk": 7}, {"fields": {"changed_date": "2016-11-13T09:46:55.737Z", "language": "zh", "parent": null, "numchild": 1, "creation_date": "2016-11-13T09:46:55.708Z", "depth": 1, "position": 0, "path": "0001", "placeholder": 3, "plugin_type": "StylePlugin"}, "model": "cms.cmsplugin", "pk": 1}, {"fields": {"changed_date": "2016-11-14T01:53:14.502Z", "language": "zh", "parent": 1, "numchild": 1, "creation_date": "2016-11-13T09:50:34.700Z", "depth": 2, "position": 0, "path": "00010001", "placeholder": 3, "plugin_type": "BackgroundImagePlugin"}, "model": "cms.cmsplugin", "pk": 2}, {"fields": {"changed_date": "2016-11-13T09:53:04.146Z", "language": "zh", "parent": 2, "numchild": 2, "creation_date": "2016-11-13T09:53:04.142Z", "depth": 3, "position": 0, "path": "000100010001", "placeholder": 3, "plugin_type": "StylePlugin"}, "model": "cms.cmsplugin", "pk": 3}, {"fields": {"changed_date": "2016-11-13T09:55:38.257Z", "language": "zh", "parent": null, "numchild": 2, "creation_date": "2016-11-13T09:55:38.249Z", "depth": 1, "position": 0, "path": "0002", "placeholder": 6, "plugin_type": "MultiColumnPlugin"}, "model": "cms.cmsplugin", "pk": 4}, {"fields": {"changed_date": "2016-11-13T09:55:38.314Z", "language": "zh", "parent": 4, "numchild": 1, "creation_date": "2016-11-13T09:55:38.312Z", "depth": 2, "position": 0, "path": "00020001", "placeholder": 6, "plugin_type": "ColumnPlugin"}, "model": "cms.cmsplugin", "pk": 5}, {"fields": {"changed_date": "2016-11-13T09:58:17.922Z", "language": "zh", "parent": 4, "numchild": 1, "creation_date": "2016-11-13T09:55:38.329Z", "depth": 2, "position": 1, "path": "00020002", "placeholder": 6, "plugin_type": "ColumnPlugin"}, "model": "cms.cmsplugin", "pk": 6}, {"fields": {"changed_date": "2016-11-13T10:28:42.034Z", "language": "zh", "parent": 6, "numchild": 0, "creation_date": "2016-11-13T10:00:58.627Z", "depth": 3, "position": 0, "path": "000200020001", "placeholder": 6, "plugin_type": "TextPlugin"}, "model": "cms.cmsplugin", "pk": 7}, {"fields": {"changed_date": "2016-11-13T10:03:49.218Z", "language": "zh", "parent": 5, "numchild": 2, "creation_date": "2016-11-13T10:03:49.211Z", "depth": 3, "position": 0, "path": "000200010001", "placeholder": 6, "plugin_type": "MultiColumnPlugin"}, "model": "cms.cmsplugin", "pk": 8}, {"fields": {"changed_date": "2016-11-13T10:03:49.224Z", "language": "zh", "parent": 8, "numchild": 1, "creation_date": "2016-11-13T10:03:49.223Z", "depth": 4, "position": 0, "path": "0002000100010001", "placeholder": 6, "plugin_type": "ColumnPlugin"}, "model": "cms.cmsplugin", "pk": 9}, {"fields": {"changed_date": "2016-11-13T10:12:03.806Z", "language": "zh", "parent": 8, "numchild": 1, "creation_date": "2016-11-13T10:03:49.228Z", "depth": 4, "position": 1, "path": "0002000100010002", "placeholder": 6, "plugin_type": "ColumnPlugin"}, "model": "cms.cmsplugin", "pk": 10}, {"fields": {"changed_date": "2016-11-13T10:29:25.655Z", "language": "zh", "parent": 9, "numchild": 0, "creation_date": "2016-11-13T10:06:16.838Z", "depth": 5, "position": 0, "path": "00020001000100010001", "placeholder": 6, "plugin_type": "TextPlugin"}, "model": "cms.cmsplugin", "pk": 11}, {"fields": {"changed_date": "2016-11-13T10:14:44.347Z", "language": "zh", "parent": 10, "numchild": 0, "creation_date": "2016-11-13T10:14:28.277Z", "depth": 5, "position": 0, "path": "00020001000100020001", "placeholder": 6, "plugin_type": "TextPlugin"}, "model": "cms.cmsplugin", "pk": 12}, {"fields": {"changed_date": "2016-11-13T10:18:16.134Z", "language": "zh", "parent": null, "numchild": 0, "creation_date": "2016-11-13T10:18:11.889Z", "depth": 1, "position": 1, "path": "0003", "placeholder": 6, "plugin_type": "TextPlugin"}, "model": "cms.cmsplugin", "pk": 13}, {"fields": {"changed_date": "2016-11-13T10:20:58.555Z", "language": "zh", "parent": null, "numchild": 3, "creation_date": "2016-11-13T10:20:58.546Z", "depth": 1, "position": 2, "path": "0004", "placeholder": 6, "plugin_type": "MultiColumnPlugin"}, "model": "cms.cmsplugin", "pk": 14}, {"fields": {"changed_date": "2016-11-13T10:20:58.559Z", "language": "zh", "parent": 14, "numchild": 2, "creation_date": "2016-11-13T10:20:58.558Z", "depth": 2, "position": 0, "path": "00040001", "placeholder": 6, "plugin_type": "ColumnPlugin"}, "model": "cms.cmsplugin", "pk": 15}, {"fields": {"changed_date": "2016-11-13T10:20:58.567Z", "language": "zh", "parent": 14, "numchild": 2, "creation_date": "2016-11-13T10:20:58.564Z", "depth": 2, "position": 1, "path": "00040002", "placeholder": 6, "plugin_type": "ColumnPlugin"}, "model": "cms.cmsplugin", "pk": 16}, {"fields": {"changed_date": "2016-11-13T10:20:58.575Z", "language": "zh", "parent": 14, "numchild": 2, "creation_date": "2016-11-13T10:20:58.571Z", "depth": 2, "position": 2, "path": "00040003", "placeholder": 6, "plugin_type": "ColumnPlugin"}, "model": "cms.cmsplugin", "pk": 17}, {"fields": {"changed_date": "2016-11-13T10:23:36.130Z", "language": "zh", "parent": 15, "numchild": 0, "creation_date": "2016-11-13T10:23:30.126Z", "depth": 3, "position": 0, "path": "000400010001", "placeholder": 6, "plugin_type": "TextPlugin"}, "model": "cms.cmsplugin", "pk": 18}, {"fields": {"changed_date": "2016-11-13T10:24:00.040Z", "language": "zh", "parent": 15, "numchild": 0, "creation_date": "2016-11-13T10:23:54.748Z", "depth": 3, "position": 1, "path": "000400010002", "placeholder": 6, "plugin_type": "TextPlugin"}, "model": "cms.cmsplugin", "pk": 19}, {"fields": {"changed_date": "2016-11-13T10:24:59.695Z", "language": "zh", "parent": 16, "numchild": 0, "creation_date": "2016-11-13T10:24:45.168Z", "depth": 3, "position": 1, "path": "000400020001", "placeholder": 6, "plugin_type": "TextPlugin"}, "model": "cms.cmsplugin", "pk": 20}, {"fields": {"changed_date": "2016-11-13T10:25:35.411Z", "language": "zh", "parent": 16, "numchild": 0, "creation_date": "2016-11-13T10:25:15.280Z", "depth": 3, "position": 0, "path": "000400020002", "placeholder": 6, "plugin_type": "TextPlugin"}, "model": "cms.cmsplugin", "pk": 21}, {"fields": {"changed_date": "2016-11-13T10:25:58.085Z", "language": "zh", "parent": 17, "numchild": 0, "creation_date": "2016-11-13T10:25:52.473Z", "depth": 3, "position": 0, "path": "000400030001", "placeholder": 6, "plugin_type": "TextPlugin"}, "model": "cms.cmsplugin", "pk": 22}, {"fields": {"changed_date": "2016-11-13T10:26:21.898Z", "language": "zh", "parent": 17, "numchild": 0, "creation_date": "2016-11-13T10:26:16.432Z", "depth": 3, "position": 1, "path": "000400030002", "placeholder": 6, "plugin_type": "TextPlugin"}, "model": "cms.cmsplugin", "pk": 23}, {"fields": {"changed_date": "2016-11-13T10:29:29.129Z", "language": "zh", "parent": null, "numchild": 2, "creation_date": "2016-11-13T09:55:38.249Z", "depth": 1, "position": 0, "path": "000E", "placeholder": 7, "plugin_type": "MultiColumnPlugin"}, "model": "cms.cmsplugin", "pk": 73}, {"fields": {"changed_date": "2016-11-13T10:29:29.139Z", "language": "zh", "parent": 73, "numchild": 1, "creation_date": "2016-11-13T09:55:38.312Z", "depth": 2, "position": 0, "path": "000E0001", "placeholder": 7, "plugin_type": "ColumnPlugin"}, "model": "cms.cmsplugin", "pk": 74}, {"fields": {"changed_date": "2016-11-13T10:29:29.152Z", "language": "zh", "parent": 74, "numchild": 2, "creation_date": "2016-11-13T10:03:49.211Z", "depth": 3, "position": 0, "path": "000E00010001", "placeholder": 7, "plugin_type": "MultiColumnPlugin"}, "model": "cms.cmsplugin", "pk": 75}, {"fields": {"changed_date": "2016-11-13T10:29:29.164Z", "language": "zh", "parent": 75, "numchild": 1, "creation_date": "2016-11-13T10:03:49.223Z", "depth": 4, "position": 0, "path": "000E000100010001", "placeholder": 7, "plugin_type": "ColumnPlugin"}, "model": "cms.cmsplugin", "pk": 76}, {"fields": {"changed_date": "2016-11-13T10:29:29.412Z", "language": "zh", "parent": 76, "numchild": 0, "creation_date": "2016-11-13T10:06:16.838Z", "depth": 5, "position": 0, "path": "000E0001000100010001", "placeholder": 7, "plugin_type": "TextPlugin"}, "model": "cms.cmsplugin", "pk": 77}, {"fields": {"changed_date": "2016-11-13T10:29:29.191Z", "language": "zh", "parent": 75, "numchild": 1, "creation_date": "2016-11-13T10:03:49.228Z", "depth": 4, "position": 1, "path": "000E000100010002", "placeholder": 7, "plugin_type": "ColumnPlugin"}, "model": "cms.cmsplugin", "pk": 78}, {"fields": {"changed_date": "2016-11-13T10:29:29.420Z", "language": "zh", "parent": 78, "numchild": 0, "creation_date": "2016-11-13T10:14:28.277Z", "depth": 5, "position": 0, "path": "000E0001000100020001", "placeholder": 7, "plugin_type": "TextPlugin"}, "model": "cms.cmsplugin", "pk": 79}, {"fields": {"changed_date": "2016-11-13T10:29:29.219Z", "language": "zh", "parent": 73, "numchild": 1, "creation_date": "2016-11-13T09:55:38.329Z", "depth": 2, "position": 1, "path": "000E0002", "placeholder": 7, "plugin_type": "ColumnPlugin"}, "model": "cms.cmsplugin", "pk": 80}, {"fields": {"changed_date": "2016-11-13T10:29:29.432Z", "language": "zh", "parent": 80, "numchild": 0, "creation_date": "2016-11-13T10:00:58.627Z", "depth": 3, "position": 0, "path": "000E00020001", "placeholder": 7, "plugin_type": "TextPlugin"}, "model": "cms.cmsplugin", "pk": 81}, {"fields": {"changed_date": "2016-11-13T10:29:29.439Z", "language": "zh", "parent": null, "numchild": 0, "creation_date": "2016-11-13T10:18:11.889Z", "depth": 1, "position": 1, "path": "000F", "placeholder": 7, "plugin_type": "TextPlugin"}, "model": "cms.cmsplugin", "pk": 82}, {"fields": {"changed_date": "2016-11-13T10:29:29.256Z", "language": "zh", "parent": null, "numchild": 3, "creation_date": "2016-11-13T10:20:58.546Z", "depth": 1, "position": 2, "path": "000G", "placeholder": 7, "plugin_type": "MultiColumnPlugin"}, "model": "cms.cmsplugin", "pk": 83}, {"fields": {"changed_date": "2016-11-13T10:29:29.265Z", "language": "zh", "parent": 83, "numchild": 2, "creation_date": "2016-11-13T10:20:58.558Z", "depth": 2, "position": 0, "path": "000G0001", "placeholder": 7, "plugin_type": "ColumnPlugin"}, "model": "cms.cmsplugin", "pk": 84}, {"fields": {"changed_date": "2016-11-13T10:29:29.451Z", "language": "zh", "parent": 84, "numchild": 0, "creation_date": "2016-11-13T10:23:30.126Z", "depth": 3, "position": 0, "path": "000G00010001", "placeholder": 7, "plugin_type": "TextPlugin"}, "model": "cms.cmsplugin", "pk": 85}, {"fields": {"changed_date": "2016-11-13T10:29:29.458Z", "language": "zh", "parent": 84, "numchild": 0, "creation_date": "2016-11-13T10:23:54.748Z", "depth": 3, "position": 1, "path": "000G00010002", "placeholder": 7, "plugin_type": "TextPlugin"}, "model": "cms.cmsplugin", "pk": 86}, {"fields": {"changed_date": "2016-11-13T10:29:29.315Z", "language": "zh", "parent": 83, "numchild": 2, "creation_date": "2016-11-13T10:20:58.564Z", "depth": 2, "position": 1, "path": "000G0002", "placeholder": 7, "plugin_type": "ColumnPlugin"}, "model": "cms.cmsplugin", "pk": 87}, {"fields": {"changed_date": "2016-11-13T10:29:29.470Z", "language": "zh", "parent": 87, "numchild": 0, "creation_date": "2016-11-13T10:24:45.168Z", "depth": 3, "position": 1, "path": "000G00020001", "placeholder": 7, "plugin_type": "TextPlugin"}, "model": "cms.cmsplugin", "pk": 88}, {"fields": {"changed_date": "2016-11-13T10:29:29.482Z", "language": "zh", "parent": 87, "numchild": 0, "creation_date": "2016-11-13T10:25:15.280Z", "depth": 3, "position": 0, "path": "000G00020002", "placeholder": 7, "plugin_type": "TextPlugin"}, "model": "cms.cmsplugin", "pk": 89}, {"fields": {"changed_date": "2016-11-13T10:29:29.368Z", "language": "zh", "parent": 83, "numchild": 2, "creation_date": "2016-11-13T10:20:58.571Z", "depth": 2, "position": 2, "path": "000G0003", "placeholder": 7, "plugin_type": "ColumnPlugin"}, "model": "cms.cmsplugin", "pk": 90}, {"fields": {"changed_date": "2016-11-13T10:29:29.493Z", "language": "zh", "parent": 90, "numchild": 0, "creation_date": "2016-11-13T10:25:52.473Z", "depth": 3, "position": 0, "path": "000G00030001", "placeholder": 7, "plugin_type": "TextPlugin"}, "model": "cms.cmsplugin", "pk": 91}, {"fields": {"changed_date": "2016-11-13T10:29:29.501Z", "language": "zh", "parent": 90, "numchild": 0, "creation_date": "2016-11-13T10:26:16.432Z", "depth": 3, "position": 1, "path": "000G00030002", "placeholder": 7, "plugin_type": "TextPlugin"}, "model": "cms.cmsplugin", "pk": 92}, {"fields": {"changed_date": "2016-11-13T10:30:32.645Z", "language": "zh", "parent": null, "numchild": 2, "creation_date": "2016-11-13T10:30:32.639Z", "depth": 1, "position": 0, "path": "000H", "placeholder": 2, "plugin_type": "MultiColumnPlugin"}, "model": "cms.cmsplugin", "pk": 93}, {"fields": {"changed_date": "2016-11-13T10:30:32.649Z", "language": "zh", "parent": 93, "numchild": 2, "creation_date": "2016-11-13T10:30:32.648Z", "depth": 2, "position": 0, "path": "000H0001", "placeholder": 2, "plugin_type": "ColumnPlugin"}, "model": "cms.cmsplugin", "pk": 94}, {"fields": {"changed_date": "2016-11-13T10:30:32.657Z", "language": "zh", "parent": 93, "numchild": 2, "creation_date": "2016-11-13T10:30:32.653Z", "depth": 2, "position": 1, "path": "000H0002", "placeholder": 2, "plugin_type": "ColumnPlugin"}, "model": "cms.cmsplugin", "pk": 95}, {"fields": {"changed_date": "2016-11-14T01:53:37.833Z", "language": "zh", "parent": 94, "numchild": 0, "creation_date": "2016-11-13T10:32:08.340Z", "depth": 3, "position": 0, "path": "000H00010001", "placeholder": 2, "plugin_type": "FilerImagePlugin"}, "model": "cms.cmsplugin", "pk": 96}, {"fields": {"changed_date": "2016-11-13T10:34:12.529Z", "language": "zh", "parent": 94, "numchild": 1, "creation_date": "2016-11-13T10:32:30.328Z", "depth": 3, "position": 1, "path": "000H00010002", "placeholder": 2, "plugin_type": "TextPlugin"}, "model": "cms.cmsplugin", "pk": 97}, {"fields": {"changed_date": "2016-11-13T10:34:10.898Z", "language": "zh", "parent": 97, "numchild": 0, "creation_date": "2016-11-13T10:33:33.611Z", "depth": 4, "position": 0, "path": "000H000100020001", "placeholder": 2, "plugin_type": "Bootstrap3ButtonCMSPlugin"}, "model": "cms.cmsplugin", "pk": 98}, {"fields": {"changed_date": "2016-11-13T10:35:48.457Z", "language": "zh", "parent": 95, "numchild": 1, "creation_date": "2016-11-13T10:34:59.837Z", "depth": 3, "position": 0, "path": "000H00020001", "placeholder": 2, "plugin_type": "TextPlugin"}, "model": "cms.cmsplugin", "pk": 99}, {"fields": {"changed_date": "2016-11-13T10:35:45.938Z", "language": "zh", "parent": 99, "numchild": 0, "creation_date": "2016-11-13T10:35:45.933Z", "depth": 4, "position": 0, "path": "000H000200010001", "placeholder": 2, "plugin_type": "Bootstrap3ButtonCMSPlugin"}, "model": "cms.cmsplugin", "pk": 100}, {"fields": {"changed_date": "2016-11-14T01:53:57.647Z", "language": "zh", "parent": 95, "numchild": 0, "creation_date": "2016-11-13T10:36:26.956Z", "depth": 3, "position": 1, "path": "000H00020002", "placeholder": 2, "plugin_type": "FilerImagePlugin"}, "model": "cms.cmsplugin", "pk": 101}, {"fields": {"changed_date": "2016-11-13T10:38:58.166Z", "language": "zh", "parent": 3, "numchild": 1, "creation_date": "2016-11-13T10:38:58.103Z", "depth": 4, "position": 0, "path": "0001000100010001", "placeholder": 3, "plugin_type": "Bootstrap3RowCMSPlugin"}, "model": "cms.cmsplugin", "pk": 114}, {"fields": {"changed_date": "2016-11-13T10:38:58.195Z", "language": "zh", "parent": 114, "numchild": 1, "creation_date": "2016-11-13T10:38:58.193Z", "depth": 5, "position": 0, "path": "00010001000100010001", "placeholder": 3, "plugin_type": "Bootstrap3ColumnCMSPlugin"}, "model": "cms.cmsplugin", "pk": 115}, {"fields": {"changed_date": "2016-11-13T10:39:17.873Z", "language": "zh", "parent": 115, "numchild": 2, "creation_date": "2016-11-13T10:39:17.869Z", "depth": 6, "position": 0, "path": "000100010001000100010001", "placeholder": 3, "plugin_type": "StylePlugin"}, "model": "cms.cmsplugin", "pk": 116}, {"fields": {"changed_date": "2016-11-13T10:39:52.451Z", "language": "zh", "parent": 116, "numchild": 0, "creation_date": "2016-11-13T10:39:42.174Z", "depth": 7, "position": 0, "path": "0001000100010001000100010001", "placeholder": 3, "plugin_type": "TextPlugin"}, "model": "cms.cmsplugin", "pk": 117}, {"fields": {"changed_date": "2016-11-13T10:40:25.906Z", "language": "zh", "parent": 116, "numchild": 0, "creation_date": "2016-11-13T10:40:18.187Z", "depth": 7, "position": 1, "path": "0001000100010001000100010002", "placeholder": 3, "plugin_type": "TextPlugin"}, "model": "cms.cmsplugin", "pk": 118}, {"fields": {"changed_date": "2016-11-13T10:41:47.425Z", "language": "zh", "parent": 3, "numchild": 1, "creation_date": "2016-11-13T10:41:47.419Z", "depth": 4, "position": 1, "path": "0001000100010002", "placeholder": 3, "plugin_type": "Bootstrap3RowCMSPlugin"}, "model": "cms.cmsplugin", "pk": 119}, {"fields": {"changed_date": "2016-11-13T10:41:47.460Z", "language": "zh", "parent": 119, "numchild": 1, "creation_date": "2016-11-13T10:41:47.457Z", "depth": 5, "position": 0, "path": "00010001000100020001", "placeholder": 3, "plugin_type": "Bootstrap3ColumnCMSPlugin"}, "model": "cms.cmsplugin", "pk": 120}, {"fields": {"changed_date": "2016-11-13T10:42:09.587Z", "language": "zh", "parent": 120, "numchild": 1, "creation_date": "2016-11-13T10:42:09.583Z", "depth": 6, "position": 0, "path": "000100010001000200010001", "placeholder": 3, "plugin_type": "StylePlugin"}, "model": "cms.cmsplugin", "pk": 121}, {"fields": {"changed_date": "2016-11-13T10:49:28.456Z", "language": "zh", "parent": 121, "numchild": 1, "creation_date": "2016-11-13T10:42:25.895Z", "depth": 7, "position": 0, "path": "0001000100010002000100010001", "placeholder": 3, "plugin_type": "TextPlugin"}, "model": "cms.cmsplugin", "pk": 122}, {"fields": {"changed_date": "2016-11-13T10:44:07.113Z", "language": "zh", "parent": 122, "numchild": 0, "creation_date": "2016-11-13T10:44:07.105Z", "depth": 8, "position": 0, "path": "00010001000100020001000100010001", "placeholder": 3, "plugin_type": "Bootstrap3ButtonCMSPlugin"}, "model": "cms.cmsplugin", "pk": 123}, {"fields": {"changed_date": "2016-11-14T01:54:27.397Z", "language": "zh", "parent": null, "numchild": 1, "creation_date": "2016-11-13T10:46:34.138Z", "depth": 1, "position": 1, "path": "000K", "placeholder": 3, "plugin_type": "BackgroundImagePlugin"}, "model": "cms.cmsplugin", "pk": 124}, {"fields": {"changed_date": "2016-11-13T10:46:55.876Z", "language": "zh", "parent": 124, "numchild": 0, "creation_date": "2016-11-13T10:46:47.431Z", "depth": 2, "position": 0, "path": "000K0001", "placeholder": 3, "plugin_type": "TextPlugin"}, "model": "cms.cmsplugin", "pk": 125}, {"fields": {"changed_date": "2016-11-14T01:54:31.011Z", "language": "zh", "parent": null, "numchild": 2, "creation_date": "2016-11-13T10:30:32.639Z", "depth": 1, "position": 0, "path": "000L", "placeholder": 4, "plugin_type": "MultiColumnPlugin"}, "model": "cms.cmsplugin", "pk": 246}, {"fields": {"changed_date": "2016-11-14T01:54:31.023Z", "language": "zh", "parent": 246, "numchild": 2, "creation_date": "2016-11-13T10:30:32.648Z", "depth": 2, "position": 0, "path": "000L0001", "placeholder": 4, "plugin_type": "ColumnPlugin"}, "model": "cms.cmsplugin", "pk": 247}, {"fields": {"changed_date": "2016-11-14T01:54:31.042Z", "language": "zh", "parent": 247, "numchild": 0, "creation_date": "2016-11-13T10:32:08.340Z", "depth": 3, "position": 0, "path": "000L00010001", "placeholder": 4, "plugin_type": "FilerImagePlugin"}, "model": "cms.cmsplugin", "pk": 248}, {"fields": {"changed_date": "2016-11-14T01:54:31.159Z", "language": "zh", "parent": 247, "numchild": 1, "creation_date": "2016-11-13T10:32:30.328Z", "depth": 3, "position": 1, "path": "000L00010002", "placeholder": 4, "plugin_type": "TextPlugin"}, "model": "cms.cmsplugin", "pk": 249}, {"fields": {"changed_date": "2016-11-14T01:54:31.081Z", "language": "zh", "parent": 249, "numchild": 0, "creation_date": "2016-11-13T10:33:33.611Z", "depth": 4, "position": 0, "path": "000L000100020001", "placeholder": 4, "plugin_type": "Bootstrap3ButtonCMSPlugin"}, "model": "cms.cmsplugin", "pk": 250}, {"fields": {"changed_date": "2016-11-14T01:54:31.096Z", "language": "zh", "parent": 246, "numchild": 2, "creation_date": "2016-11-13T10:30:32.653Z", "depth": 2, "position": 1, "path": "000L0002", "placeholder": 4, "plugin_type": "ColumnPlugin"}, "model": "cms.cmsplugin", "pk": 251}, {"fields": {"changed_date": "2016-11-14T01:54:31.171Z", "language": "zh", "parent": 251, "numchild": 1, "creation_date": "2016-11-13T10:34:59.837Z", "depth": 3, "position": 0, "path": "000L00020001", "placeholder": 4, "plugin_type": "TextPlugin"}, "model": "cms.cmsplugin", "pk": 252}, {"fields": {"changed_date": "2016-11-14T01:54:31.126Z", "language": "zh", "parent": 252, "numchild": 0, "creation_date": "2016-11-13T10:35:45.933Z", "depth": 4, "position": 0, "path": "000L000200010001", "placeholder": 4, "plugin_type": "Bootstrap3ButtonCMSPlugin"}, "model": "cms.cmsplugin", "pk": 253}, {"fields": {"changed_date": "2016-11-14T01:54:31.143Z", "language": "zh", "parent": 251, "numchild": 0, "creation_date": "2016-11-13T10:36:26.956Z", "depth": 3, "position": 1, "path": "000L00020002", "placeholder": 4, "plugin_type": "FilerImagePlugin"}, "model": "cms.cmsplugin", "pk": 254}, {"fields": {"changed_date": "2016-11-14T01:54:31.204Z", "language": "zh", "parent": null, "numchild": 1, "creation_date": "2016-11-13T09:46:55.708Z", "depth": 1, "position": 0, "path": "000M", "placeholder": 5, "plugin_type": "StylePlugin"}, "model": "cms.cmsplugin", "pk": 255}, {"fields": {"changed_date": "2016-11-14T01:54:31.214Z", "language": "zh", "parent": 255, "numchild": 1, "creation_date": "2016-11-13T09:50:34.700Z", "depth": 2, "position": 0, "path": "000M0001", "placeholder": 5, "plugin_type": "BackgroundImagePlugin"}, "model": "cms.cmsplugin", "pk": 256}, {"fields": {"changed_date": "2016-11-14T01:54:31.224Z", "language": "zh", "parent": 256, "numchild": 2, "creation_date": "2016-11-13T09:53:04.142Z", "depth": 3, "position": 0, "path": "000M00010001", "placeholder": 5, "plugin_type": "StylePlugin"}, "model": "cms.cmsplugin", "pk": 257}, {"fields": {"changed_date": "2016-11-14T01:54:31.234Z", "language": "zh", "parent": 257, "numchild": 1, "creation_date": "2016-11-13T10:38:58.103Z", "depth": 4, "position": 0, "path": "000M000100010001", "placeholder": 5, "plugin_type": "Bootstrap3RowCMSPlugin"}, "model": "cms.cmsplugin", "pk": 258}, {"fields": {"changed_date": "2016-11-14T01:54:31.244Z", "language": "zh", "parent": 258, "numchild": 1, "creation_date": "2016-11-13T10:38:58.193Z", "depth": 5, "position": 0, "path": "000M0001000100010001", "placeholder": 5, "plugin_type": "Bootstrap3ColumnCMSPlugin"}, "model": "cms.cmsplugin", "pk": 259}, {"fields": {"changed_date": "2016-11-14T01:54:31.254Z", "language": "zh", "parent": 259, "numchild": 2, "creation_date": "2016-11-13T10:39:17.869Z", "depth": 6, "position": 0, "path": "000M00010001000100010001", "placeholder": 5, "plugin_type": "StylePlugin"}, "model": "cms.cmsplugin", "pk": 260}, {"fields": {"changed_date": "2016-11-14T01:54:31.370Z", "language": "zh", "parent": 260, "numchild": 0, "creation_date": "2016-11-13T10:39:42.174Z", "depth": 7, "position": 0, "path": "000M000100010001000100010001", "placeholder": 5, "plugin_type": "TextPlugin"}, "model": "cms.cmsplugin", "pk": 261}, {"fields": {"changed_date": "2016-11-14T01:54:31.377Z", "language": "zh", "parent": 260, "numchild": 0, "creation_date": "2016-11-13T10:40:18.187Z", "depth": 7, "position": 1, "path": "000M000100010001000100010002", "placeholder": 5, "plugin_type": "TextPlugin"}, "model": "cms.cmsplugin", "pk": 262}, {"fields": {"changed_date": "2016-11-14T01:54:31.290Z", "language": "zh", "parent": 257, "numchild": 1, "creation_date": "2016-11-13T10:41:47.419Z", "depth": 4, "position": 1, "path": "000M000100010002", "placeholder": 5, "plugin_type": "Bootstrap3RowCMSPlugin"}, "model": "cms.cmsplugin", "pk": 263}, {"fields": {"changed_date": "2016-11-14T01:54:31.300Z", "language": "zh", "parent": 263, "numchild": 1, "creation_date": "2016-11-13T10:41:47.457Z", "depth": 5, "position": 0, "path": "000M0001000100020001", "placeholder": 5, "plugin_type": "Bootstrap3ColumnCMSPlugin"}, "model": "cms.cmsplugin", "pk": 264}, {"fields": {"changed_date": "2016-11-14T01:54:31.310Z", "language": "zh", "parent": 264, "numchild": 1, "creation_date": "2016-11-13T10:42:09.583Z", "depth": 6, "position": 0, "path": "000M00010001000200010001", "placeholder": 5, "plugin_type": "StylePlugin"}, "model": "cms.cmsplugin", "pk": 265}, {"fields": {"changed_date": "2016-11-14T01:54:31.389Z", "language": "zh", "parent": 265, "numchild": 1, "creation_date": "2016-11-13T10:42:25.895Z", "depth": 7, "position": 0, "path": "000M000100010002000100010001", "placeholder": 5, "plugin_type": "TextPlugin"}, "model": "cms.cmsplugin", "pk": 266}, {"fields": {"changed_date": "2016-11-14T01:54:31.333Z", "language": "zh", "parent": 266, "numchild": 0, "creation_date": "2016-11-13T10:44:07.105Z", "depth": 8, "position": 0, "path": "000M0001000100020001000100010001", "placeholder": 5, "plugin_type": "Bootstrap3ButtonCMSPlugin"}, "model": "cms.cmsplugin", "pk": 267}, {"fields": {"changed_date": "2016-11-14T01:54:31.343Z", "language": "zh", "parent": null, "numchild": 1, "creation_date": "2016-11-13T10:46:34.138Z", "depth": 1, "position": 1, "path": "000N", "placeholder": 5, "plugin_type": "BackgroundImagePlugin"}, "model": "cms.cmsplugin", "pk": 268}, {"fields": {"changed_date": "2016-11-14T01:54:31.399Z", "language": "zh", "parent": 268, "numchild": 0, "creation_date": "2016-11-13T10:46:47.431Z", "depth": 2, "position": 0, "path": "000N0001", "placeholder": 5, "plugin_type": "TextPlugin"}, "model": "cms.cmsplugin", "pk": 269}, {"fields": {"menu_title": null, "meta_description": null, "page_title": null, "language": "zh", "title": "Home", "has_url_overwrite": false, "redirect": null, "publisher_is_draft": true, "page": 1, "published": true, "path": "", "publisher_state": 0, "creation_date": "2016-11-13T09:35:55.186Z", "slug": "home", "publisher_public": 2}, "model": "cms.title", "pk": 1}, {"fields": {"menu_title": null, "meta_description": null, "page_title": null, "language": "zh", "title": "Home", "has_url_overwrite": false, "redirect": null, "publisher_is_draft": false, "page": 2, "published": true, "path": "", "publisher_state": 1, "creation_date": "2016-11-13T09:35:55.186Z", "slug": "home", "publisher_public": 1}, "model": "cms.title", "pk": 2}, {"fields": {"code": "footer", "name": "", "creation_method": "template", "site": null, "draft": 6, "dirty": false, "public": 7}, "model": "cms.staticplaceholder", "pk": 1}, {"fields": {"revision": "99860484-d5e6-4538-8da2-7b13cb8e5939"}, "model": "cms.urlconfrevision", "pk": 1}, {"fields": {"key": "menu_cache_menu_nodes_zh_1_1_user", "site": 1, "language": "zh"}, "model": "menus.cachekey", "pk": 20}, {"fields": {"body": "<p><font size=\"2\">Copyright 2016 \u00a9 Moz, Inc. All rights reserved.</font></p>\n"}, "model": "djangocms_text_ckeditor.text", "pk": 7}, {"fields": {"body": "<p>logo placeholder</p>\n"}, "model": "djangocms_text_ckeditor.text", "pk": 11}, {"fields": {"body": "<p><font size=\"3\"><a href=\"https://moz.com/about/contact\">Contact</a>\u00a0 \u00a0<a href=\"https://moz.com/products\">Products</a>\u00a0\u00a0 <a href=\"https://moz.com/products/api\">API</a>\u00a0 \u00a0<a href=\"https://moz.com/terms-privacy\">Terms &amp; Privacy</a>\u00a0 \u00a0<a href=\"https://moz.com/about/jobs\">Jobs</a>\u00a0\u00a0 <a href=\"https://moz.com/help\">Help</a></font></p>\n\n<p>\u00a0</p>\n"}, "model": "djangocms_text_ckeditor.text", "pk": 12}, {"fields": {"body": "<hr>\n<p>\u00a0</p>\n"}, "model": "djangocms_text_ckeditor.text", "pk": 13}, {"fields": {"body": "<ul>\n\t<li><strong>SEO Tools</strong></li>\n</ul>\n"}, "model": "djangocms_text_ckeditor.text", "pk": 18}, {"fields": {"body": "<ul>\n\t<li><a href=\"https://moz.com/products/pro/keyword-explorer\">Keyword Research</a></li>\n\t<li><a href=\"https://moz.com/tools/crawl-test\">SEO Audit &amp; Crawl</a></li>\n\t<li><a href=\"https://moz.com/researchtools/ose/\">Backlink Research</a></li>\n\t<li><a href=\"https://moz.com/tools/rank-tracker\">Rank Tracking</a></li>\n\t<li><a href=\"https://moz.com/products/pro/seo-toolbar\">SEO Toolbar</a></li>\n</ul>\n"}, "model": "djangocms_text_ckeditor.text", "pk": 19}, {"fields": {"body": "<ul>\n\t<li><a href=\"https://moz.com/local/search\">Business Listings Audit</a></li>\n\t<li><a href=\"https://moz.com/local/whitepapers/citation-cleanup\">Citation Cleanup</a></li>\n\t<li><a href=\"https://moz.com/local-search-ranking-factors\">Local Ranking Factors</a></li>\n\t<li><a href=\"https://moz.com/local/enterprise\">Local For Enterprise</a></li>\n</ul>\n"}, "model": "djangocms_text_ckeditor.text", "pk": 20}, {"fields": {"body": "<ul>\n\t<li><strong>Local Marketing</strong></li>\n</ul>\n"}, "model": "djangocms_text_ckeditor.text", "pk": 21}, {"fields": {"body": "<ul>\n\t<li><strong>Marketing Resources</strong></li>\n</ul>\n"}, "model": "djangocms_text_ckeditor.text", "pk": 22}, {"fields": {"body": "<ul>\n\t<li><a href=\"https://moz.com/blog\">Moz Blog</a></li>\n\t<li><a href=\"https://moz.com/beginners-guide-to-seo\">Beginner\u2019s Guide To SEO</a></li>\n\t<li><a href=\"https://moz.com/community/q\">Community Q&amp;A</a></li>\n\t<li><a href=\"https://moz.com/training\">Workshops &amp; Training</a></li>\n\t<li><a href=\"https://moz.com/rand/recommended-list-seo-consultants/\">Recommended SEO Companies</a></li>\n</ul>\n\n<p>\u00a0</p>\n"}, "model": "djangocms_text_ckeditor.text", "pk": 23}, {"fields": {"body": "<p>logo placeholder</p>\n"}, "model": "djangocms_text_ckeditor.text", "pk": 77}, {"fields": {"body": "<p><font size=\"3\"><a href=\"https://moz.com/about/contact\">Contact</a>\u00a0 \u00a0<a href=\"https://moz.com/products\">Products</a>\u00a0\u00a0 <a href=\"https://moz.com/products/api\">API</a>\u00a0 \u00a0<a href=\"https://moz.com/terms-privacy\">Terms &amp; Privacy</a>\u00a0 \u00a0<a href=\"https://moz.com/about/jobs\">Jobs</a>\u00a0\u00a0 <a href=\"https://moz.com/help\">Help</a></font></p>\n\n<p>\u00a0</p>\n"}, "model": "djangocms_text_ckeditor.text", "pk": 79}, {"fields": {"body": "<p><font size=\"2\">Copyright 2016 \u00a9 Moz, Inc. All rights reserved.</font></p>\n"}, "model": "djangocms_text_ckeditor.text", "pk": 81}, {"fields": {"body": "<hr>\n<p>\u00a0</p>\n"}, "model": "djangocms_text_ckeditor.text", "pk": 82}, {"fields": {"body": "<ul>\n\t<li><strong>SEO Tools</strong></li>\n</ul>\n"}, "model": "djangocms_text_ckeditor.text", "pk": 85}, {"fields": {"body": "<ul>\n\t<li><a href=\"https://moz.com/products/pro/keyword-explorer\">Keyword Research</a></li>\n\t<li><a href=\"https://moz.com/tools/crawl-test\">SEO Audit &amp; Crawl</a></li>\n\t<li><a href=\"https://moz.com/researchtools/ose/\">Backlink Research</a></li>\n\t<li><a href=\"https://moz.com/tools/rank-tracker\">Rank Tracking</a></li>\n\t<li><a href=\"https://moz.com/products/pro/seo-toolbar\">SEO Toolbar</a></li>\n</ul>\n"}, "model": "djangocms_text_ckeditor.text", "pk": 86}, {"fields": {"body": "<ul>\n\t<li><a href=\"https://moz.com/local/search\">Business Listings Audit</a></li>\n\t<li><a href=\"https://moz.com/local/whitepapers/citation-cleanup\">Citation Cleanup</a></li>\n\t<li><a href=\"https://moz.com/local-search-ranking-factors\">Local Ranking Factors</a></li>\n\t<li><a href=\"https://moz.com/local/enterprise\">Local For Enterprise</a></li>\n</ul>\n"}, "model": "djangocms_text_ckeditor.text", "pk": 88}, {"fields": {"body": "<ul>\n\t<li><strong>Local Marketing</strong></li>\n</ul>\n"}, "model": "djangocms_text_ckeditor.text", "pk": 89}, {"fields": {"body": "<ul>\n\t<li><strong>Marketing Resources</strong></li>\n</ul>\n"}, "model": "djangocms_text_ckeditor.text", "pk": 91}, {"fields": {"body": "<ul>\n\t<li><a href=\"https://moz.com/blog\">Moz Blog</a></li>\n\t<li><a href=\"https://moz.com/beginners-guide-to-seo\">Beginner\u2019s Guide To SEO</a></li>\n\t<li><a href=\"https://moz.com/community/q\">Community Q&amp;A</a></li>\n\t<li><a href=\"https://moz.com/training\">Workshops &amp; Training</a></li>\n\t<li><a href=\"https://moz.com/rand/recommended-list-seo-consultants/\">Recommended SEO Companies</a></li>\n</ul>\n\n<p>\u00a0</p>\n"}, "model": "djangocms_text_ckeditor.text", "pk": 92}, {"fields": {"body": "<h2 style=\"text-align: center;\">Connect</h2>\n\n<p style=\"text-align: center;\">We're backed by the largest community of global online marketers on the planet \u2013 500,000 and counting. Join in the conversation or ask for\u00a0advice.</p>\n\n<p style=\"text-align: center;\"><cms-plugin alt=\"Link/Button - SEO &amp; Search  |  Local Search \" title=\"Link/Button - SEO &amp; Search  |  Local Search\" id=\"98\"></cms-plugin></p>\n"}, "model": "djangocms_text_ckeditor.text", "pk": 97}, {"fields": {"body": "<h2 style=\"text-align: center;\">Learn</h2>\n\n<p style=\"text-align: center;\">We've spent over a decade in the trenches of search and have a lot to share. From informative Beginner's Guides to Mozinars to accessing our knowledge base, there's no better place for online and SEO\u00a0education.</p>\n\n<p style=\"text-align: center;\"><cms-plugin alt=\"Link/Button - Join in our Community \" title=\"Link/Button - Join in our Community\" id=\"100\"></cms-plugin></p>\n"}, "model": "djangocms_text_ckeditor.text", "pk": 99}, {"fields": {"body": "<h1 style=\"text-align: center; margin-left: 360px;\">\u00a0</h1>\n\n<h1 style=\"text-align: center; margin-left: 440px;\"><span style=\"color: #faebd7;\"><strong>Products to Power<br>\nYour Online Visibility.</strong></span></h1>\n"}, "model": "djangocms_text_ckeditor.text", "pk": 117}, {"fields": {"body": "<h4 style=\"text-align: center; margin-left: 440px;\"><span style=\"color: #d3d3d3;\">Online marketing is complicated. Moz software makes it easy.</span></h4>\n"}, "model": "djangocms_text_ckeditor.text", "pk": 118}, {"fields": {"body": "<h2 style=\"margin-left: 560px;\"><cms-plugin alt=\"Link/Button - Product For Detail  \" title=\"Link/Button - Product For Detail \" id=\"123\"></cms-plugin></h2>\n\n<p>\u00a0</p>\n"}, "model": "djangocms_text_ckeditor.text", "pk": 122}, {"fields": {"body": "<p style=\"text-align: center;\">\u00a0</p>\n\n<p style=\"text-align: center;\"><span style=\"color: #f0f8ff;\">35,000+ customers use Moz,\u00a0including:</span></p>\n\n<p style=\"text-align: center;\">\u00a0</p>\n\n<p style=\"text-align: center;\">\u00a0</p>\n\n<p style=\"text-align: center;\">\u00a0</p>\n"}, "model": "djangocms_text_ckeditor.text", "pk": 125}, {"fields": {"body": "<h2 style=\"text-align: center;\">Connect</h2>\n\n<p style=\"text-align: center;\">We're backed by the largest community of global online marketers on the planet \u2013 500,000 and counting. Join in the conversation or ask for\u00a0advice.</p>\n\n<p style=\"text-align: center;\"><cms-plugin alt=\"Link/Button - SEO &amp; Search  |  Local Search \" title=\"Link/Button - SEO &amp; Search  |  Local Search\" id=\"250\"></cms-plugin></p>\n"}, "model": "djangocms_text_ckeditor.text", "pk": 249}, {"fields": {"body": "<h2 style=\"text-align: center;\">Learn</h2>\n\n<p style=\"text-align: center;\">We've spent over a decade in the trenches of search and have a lot to share. From informative Beginner's Guides to Mozinars to accessing our knowledge base, there's no better place for online and SEO\u00a0education.</p>\n\n<p style=\"text-align: center;\"><cms-plugin alt=\"Link/Button - Join in our Community \" title=\"Link/Button - Join in our Community\" id=\"253\"></cms-plugin></p>\n"}, "model": "djangocms_text_ckeditor.text", "pk": 252}, {"fields": {"body": "<h1 style=\"text-align: center; margin-left: 360px;\">\u00a0</h1>\n\n<h1 style=\"text-align: center; margin-left: 440px;\"><span style=\"color: #faebd7;\"><strong>Products to Power<br>\nYour Online Visibility.</strong></span></h1>\n"}, "model": "djangocms_text_ckeditor.text", "pk": 261}, {"fields": {"body": "<h4 style=\"text-align: center; margin-left: 440px;\"><span style=\"color: #d3d3d3;\">Online marketing is complicated. Moz software makes it easy.</span></h4>\n"}, "model": "djangocms_text_ckeditor.text", "pk": 262}, {"fields": {"body": "<h2 style=\"margin-left: 560px;\"><cms-plugin alt=\"Link/Button - Product For Detail  \" title=\"Link/Button - Product For Detail \" id=\"267\"></cms-plugin></h2>\n\n<p>\u00a0</p>\n"}, "model": "djangocms_text_ckeditor.text", "pk": 266}, {"fields": {"body": "<p style=\"text-align: center;\">\u00a0</p>\n\n<p style=\"text-align: center;\"><span style=\"color: #f0f8ff;\">35,000+ customers use Moz,\u00a0including:</span></p>\n\n<p style=\"text-align: center;\">\u00a0</p>\n\n<p style=\"text-align: center;\">\u00a0</p>\n\n<p style=\"text-align: center;\">\u00a0</p>\n"}, "model": "djangocms_text_ckeditor.text", "pk": 269}, {"fields": {"name": "filer_public/a9/bc/a9bcd980-81d4-48c9-8a59-c4723dad5bfe/home-bg.jpg", "storage_hash": "f9bde26a1556cd667f742bd34ec7c55e", "modified": "2016-11-14T01:52:41.283Z"}, "model": "easy_thumbnails.source", "pk": 6}, {"fields": {"name": "filer_public/91/05/910511a5-621a-468a-bb21-147c23cba58d/about-bg.jpg", "storage_hash": "f9bde26a1556cd667f742bd34ec7c55e", "modified": "2016-11-14T01:52:41.257Z"}, "model": "easy_thumbnails.source", "pk": 7}, {"fields": {"name": "filer_public/72/b7/72b783ec-9ff4-491d-b6dc-7647d17660f2/contact-bg.jpg", "storage_hash": "f9bde26a1556cd667f742bd34ec7c55e", "modified": "2016-11-14T01:52:41.286Z"}, "model": "easy_thumbnails.source", "pk": 8}, {"fields": {"name": "filer_public/98/22/9822d669-736f-41b1-9d85-dde423ed91a9/post-bg.jpg", "storage_hash": "f9bde26a1556cd667f742bd34ec7c55e", "modified": "2016-11-14T01:53:57.763Z"}, "model": "easy_thumbnails.source", "pk": 9}, {"fields": {"name": "filer_public/8a/d1/8ad198de-0c8a-4865-8549-3545e6287817/post-sample-image.jpg", "storage_hash": "f9bde26a1556cd667f742bd34ec7c55e", "modified": "2016-11-14T01:53:37.893Z"}, "model": "easy_thumbnails.source", "pk": 10}, {"fields": {"source": 7, "name": "filer_public_thumbnails/filer_public/91/05/910511a5-621a-468a-bb21-147c23cba58d/about-bg.jpg__32x32_q85_crop_subsampling-2_upscale.jpg", "storage_hash": "f9bde26a1556cd667f742bd34ec7c55e", "modified": "2016-11-14T01:52:41.284Z"}, "model": "easy_thumbnails.thumbnail", "pk": 29}, {"fields": {"source": 8, "name": "filer_public_thumbnails/filer_public/72/b7/72b783ec-9ff4-491d-b6dc-7647d17660f2/contact-bg.jpg__32x32_q85_crop_subsampling-2_upscale.jpg", "storage_hash": "f9bde26a1556cd667f742bd34ec7c55e", "modified": "2016-11-14T01:52:41.358Z"}, "model": "easy_thumbnails.thumbnail", "pk": 30}, {"fields": {"source": 6, "name": "filer_public_thumbnails/filer_public/a9/bc/a9bcd980-81d4-48c9-8a59-c4723dad5bfe/home-bg.jpg__32x32_q85_crop_subsampling-2_upscale.jpg", "storage_hash": "f9bde26a1556cd667f742bd34ec7c55e", "modified": "2016-11-14T01:52:41.325Z"}, "model": "easy_thumbnails.thumbnail", "pk": 31}, {"fields": {"source": 7, "name": "filer_public_thumbnails/filer_public/91/05/910511a5-621a-468a-bb21-147c23cba58d/about-bg.jpg__64x64_q85_crop_subsampling-2_upscale.jpg", "storage_hash": "f9bde26a1556cd667f742bd34ec7c55e", "modified": "2016-11-14T01:52:41.474Z"}, "model": "easy_thumbnails.thumbnail", "pk": 32}, {"fields": {"source": 6, "name": "filer_public_thumbnails/filer_public/a9/bc/a9bcd980-81d4-48c9-8a59-c4723dad5bfe/home-bg.jpg__64x64_q85_crop_subsampling-2_upscale.jpg", "storage_hash": "f9bde26a1556cd667f742bd34ec7c55e", "modified": "2016-11-14T01:52:41.512Z"}, "model": "easy_thumbnails.thumbnail", "pk": 33}, {"fields": {"source": 8, "name": "filer_public_thumbnails/filer_public/72/b7/72b783ec-9ff4-491d-b6dc-7647d17660f2/contact-bg.jpg__64x64_q85_crop_subsampling-2_upscale.jpg", "storage_hash": "f9bde26a1556cd667f742bd34ec7c55e", "modified": "2016-11-14T01:52:41.518Z"}, "model": "easy_thumbnails.thumbnail", "pk": 34}, {"fields": {"source": 7, "name": "filer_public_thumbnails/filer_public/91/05/910511a5-621a-468a-bb21-147c23cba58d/about-bg.jpg__48x48_q85_crop_subsampling-2_upscale.jpg", "storage_hash": "f9bde26a1556cd667f742bd34ec7c55e", "modified": "2016-11-14T01:52:41.522Z"}, "model": "easy_thumbnails.thumbnail", "pk": 35}, {"fields": {"source": 6, "name": "filer_public_thumbnails/filer_public/a9/bc/a9bcd980-81d4-48c9-8a59-c4723dad5bfe/home-bg.jpg__48x48_q85_crop_subsampling-2_upscale.jpg", "storage_hash": "f9bde26a1556cd667f742bd34ec7c55e", "modified": "2016-11-14T01:52:41.615Z"}, "model": "easy_thumbnails.thumbnail", "pk": 36}, {"fields": {"source": 7, "name": "filer_public_thumbnails/filer_public/91/05/910511a5-621a-468a-bb21-147c23cba58d/about-bg.jpg__16x16_q85_crop_subsampling-2_upscale.jpg", "storage_hash": "f9bde26a1556cd667f742bd34ec7c55e", "modified": "2016-11-14T01:52:41.613Z"}, "model": "easy_thumbnails.thumbnail", "pk": 37}, {"fields": {"source": 8, "name": "filer_public_thumbnails/filer_public/72/b7/72b783ec-9ff4-491d-b6dc-7647d17660f2/contact-bg.jpg__48x48_q85_crop_subsampling-2_upscale.jpg", "storage_hash": "f9bde26a1556cd667f742bd34ec7c55e", "modified": "2016-11-14T01:52:41.646Z"}, "model": "easy_thumbnails.thumbnail", "pk": 38}, {"fields": {"source": 6, "name": "filer_public_thumbnails/filer_public/a9/bc/a9bcd980-81d4-48c9-8a59-c4723dad5bfe/home-bg.jpg__16x16_q85_crop_subsampling-2_upscale.jpg", "storage_hash": "f9bde26a1556cd667f742bd34ec7c55e", "modified": "2016-11-14T01:52:41.696Z"}, "model": "easy_thumbnails.thumbnail", "pk": 39}, {"fields": {"source": 7, "name": "filer_public_thumbnails/filer_public/91/05/910511a5-621a-468a-bb21-147c23cba58d/about-bg.jpg__180x180_q85_crop_subsampling-2_upscale.jpg", "storage_hash": "f9bde26a1556cd667f742bd34ec7c55e", "modified": "2016-11-14T01:52:41.726Z"}, "model": "easy_thumbnails.thumbnail", "pk": 40}, {"fields": {"source": 8, "name": "filer_public_thumbnails/filer_public/72/b7/72b783ec-9ff4-491d-b6dc-7647d17660f2/contact-bg.jpg__16x16_q85_crop_subsampling-2_upscale.jpg", "storage_hash": "f9bde26a1556cd667f742bd34ec7c55e", "modified": "2016-11-14T01:52:41.758Z"}, "model": "easy_thumbnails.thumbnail", "pk": 41}, {"fields": {"source": 6, "name": "filer_public_thumbnails/filer_public/a9/bc/a9bcd980-81d4-48c9-8a59-c4723dad5bfe/home-bg.jpg__180x180_q85_crop_subsampling-2_upscale.jpg", "storage_hash": "f9bde26a1556cd667f742bd34ec7c55e", "modified": "2016-11-14T01:52:41.818Z"}, "model": "easy_thumbnails.thumbnail", "pk": 42}, {"fields": {"source": 8, "name": "filer_public_thumbnails/filer_public/72/b7/72b783ec-9ff4-491d-b6dc-7647d17660f2/contact-bg.jpg__180x180_q85_crop_subsampling-2_upscale.jpg", "storage_hash": "f9bde26a1556cd667f742bd34ec7c55e", "modified": "2016-11-14T01:52:41.899Z"}, "model": "easy_thumbnails.thumbnail", "pk": 43}, {"fields": {"source": 9, "name": "filer_public_thumbnails/filer_public/98/22/9822d669-736f-41b1-9d85-dde423ed91a9/post-bg.jpg__32x32_q85_crop_subsampling-2_upscale.jpg", "storage_hash": "f9bde26a1556cd667f742bd34ec7c55e", "modified": "2016-11-14T01:52:41.975Z"}, "model": "easy_thumbnails.thumbnail", "pk": 44}, {"fields": {"source": 10, "name": "filer_public_thumbnails/filer_public/8a/d1/8ad198de-0c8a-4865-8549-3545e6287817/post-sample-image.jpg__32x32_q85_crop_subsampling-2_upscale.jpg", "storage_hash": "f9bde26a1556cd667f742bd34ec7c55e", "modified": "2016-11-14T01:52:42.033Z"}, "model": "easy_thumbnails.thumbnail", "pk": 45}, {"fields": {"source": 9, "name": "filer_public_thumbnails/filer_public/98/22/9822d669-736f-41b1-9d85-dde423ed91a9/post-bg.jpg__64x64_q85_crop_subsampling-2_upscale.jpg", "storage_hash": "f9bde26a1556cd667f742bd34ec7c55e", "modified": "2016-11-14T01:52:42.047Z"}, "model": "easy_thumbnails.thumbnail", "pk": 46}, {"fields": {"source": 10, "name": "filer_public_thumbnails/filer_public/8a/d1/8ad198de-0c8a-4865-8549-3545e6287817/post-sample-image.jpg__64x64_q85_crop_subsampling-2_upscale.jpg", "storage_hash": "f9bde26a1556cd667f742bd34ec7c55e", "modified": "2016-11-14T01:52:42.108Z"}, "model": "easy_thumbnails.thumbnail", "pk": 47}, {"fields": {"source": 9, "name": "filer_public_thumbnails/filer_public/98/22/9822d669-736f-41b1-9d85-dde423ed91a9/post-bg.jpg__48x48_q85_crop_subsampling-2_upscale.jpg", "storage_hash": "f9bde26a1556cd667f742bd34ec7c55e", "modified": "2016-11-14T01:52:42.153Z"}, "model": "easy_thumbnails.thumbnail", "pk": 48}, {"fields": {"source": 10, "name": "filer_public_thumbnails/filer_public/8a/d1/8ad198de-0c8a-4865-8549-3545e6287817/post-sample-image.jpg__48x48_q85_crop_subsampling-2_upscale.jpg", "storage_hash": "f9bde26a1556cd667f742bd34ec7c55e", "modified": "2016-11-14T01:52:42.174Z"}, "model": "easy_thumbnails.thumbnail", "pk": 49}, {"fields": {"source": 9, "name": "filer_public_thumbnails/filer_public/98/22/9822d669-736f-41b1-9d85-dde423ed91a9/post-bg.jpg__16x16_q85_crop_subsampling-2_upscale.jpg", "storage_hash": "f9bde26a1556cd667f742bd34ec7c55e", "modified": "2016-11-14T01:52:42.226Z"}, "model": "easy_thumbnails.thumbnail", "pk": 50}, {"fields": {"source": 10, "name": "filer_public_thumbnails/filer_public/8a/d1/8ad198de-0c8a-4865-8549-3545e6287817/post-sample-image.jpg__16x16_q85_crop_subsampling-2_upscale.jpg", "storage_hash": "f9bde26a1556cd667f742bd34ec7c55e", "modified": "2016-11-14T01:52:42.256Z"}, "model": "easy_thumbnails.thumbnail", "pk": 51}, {"fields": {"source": 9, "name": "filer_public_thumbnails/filer_public/98/22/9822d669-736f-41b1-9d85-dde423ed91a9/post-bg.jpg__180x180_q85_crop_subsampling-2_upscale.jpg", "storage_hash": "f9bde26a1556cd667f742bd34ec7c55e", "modified": "2016-11-14T01:52:42.323Z"}, "model": "easy_thumbnails.thumbnail", "pk": 52}, {"fields": {"source": 10, "name": "filer_public_thumbnails/filer_public/8a/d1/8ad198de-0c8a-4865-8549-3545e6287817/post-sample-image.jpg__180x180_q85_crop_subsampling-2_upscale.jpg", "storage_hash": "f9bde26a1556cd667f742bd34ec7c55e", "modified": "2016-11-14T01:52:42.335Z"}, "model": "easy_thumbnails.thumbnail", "pk": 53}, {"fields": {"source": 10, "name": "filer_public_thumbnails/filer_public/8a/d1/8ad198de-0c8a-4865-8549-3545e6287817/post-sample-image.jpg__500x500_q85_crop_subsampling-2_upscale.jpg", "storage_hash": "f9bde26a1556cd667f742bd34ec7c55e", "modified": "2016-11-14T01:53:37.896Z"}, "model": "easy_thumbnails.thumbnail", "pk": 54}, {"fields": {"source": 9, "name": "filer_public_thumbnails/filer_public/98/22/9822d669-736f-41b1-9d85-dde423ed91a9/post-bg.jpg__500x500_q85_crop_subsampling-2_upscale.jpg", "storage_hash": "f9bde26a1556cd667f742bd34ec7c55e", "modified": "2016-11-14T01:53:57.767Z"}, "model": "easy_thumbnails.thumbnail", "pk": 55}, {"fields": {}, "model": "djangocms_column.multicolumns", "pk": 4}, {"fields": {}, "model": "djangocms_column.multicolumns", "pk": 8}, {"fields": {}, "model": "djangocms_column.multicolumns", "pk": 14}, {"fields": {}, "model": "djangocms_column.multicolumns", "pk": 73}, {"fields": {}, "model": "djangocms_column.multicolumns", "pk": 75}, {"fields": {}, "model": "djangocms_column.multicolumns", "pk": 83}, {"fields": {}, "model": "djangocms_column.multicolumns", "pk": 93}, {"fields": {}, "model": "djangocms_column.multicolumns", "pk": 246}, {"fields": {"width": "75%"}, "model": "djangocms_column.column", "pk": 5}, {"fields": {"width": "25%"}, "model": "djangocms_column.column", "pk": 6}, {"fields": {"width": "25%"}, "model": "djangocms_column.column", "pk": 9}, {"fields": {"width": "75%"}, "model": "djangocms_column.column", "pk": 10}, {"fields": {"width": "33.33%"}, "model": "djangocms_column.column", "pk": 15}, {"fields": {"width": "33.33%"}, "model": "djangocms_column.column", "pk": 16}, {"fields": {"width": "33.33%"}, "model": "djangocms_column.column", "pk": 17}, {"fields": {"width": "75%"}, "model": "djangocms_column.column", "pk": 74}, {"fields": {"width": "25%"}, "model": "djangocms_column.column", "pk": 76}, {"fields": {"width": "75%"}, "model": "djangocms_column.column", "pk": 78}, {"fields": {"width": "25%"}, "model": "djangocms_column.column", "pk": 80}, {"fields": {"width": "33.33%"}, "model": "djangocms_column.column", "pk": 84}, {"fields": {"width": "33.33%"}, "model": "djangocms_column.column", "pk": 87}, {"fields": {"width": "33.33%"}, "model": "djangocms_column.column", "pk": 90}, {"fields": {"width": "50%"}, "model": "djangocms_column.column", "pk": 94}, {"fields": {"width": "50%"}, "model": "djangocms_column.column", "pk": 95}, {"fields": {"width": "50%"}, "model": "djangocms_column.column", "pk": 247}, {"fields": {"width": "50%"}, "model": "djangocms_column.column", "pk": 251}, {"fields": {"style": "", "free_link": "", "description": "", "width": 500, "thumbnail_option": null, "use_original_image": false, "image": 10, "caption_text": "", "page_link": null, "crop": true, "height": 500, "alt_text": "", "target_blank": false, "image_url": "", "upscale": true, "use_autoscale": false, "link_attributes": {}, "file_link": null, "original_link": false, "alignment": null}, "model": "cmsplugin_filer_image.filerimage", "pk": 96}, {"fields": {"style": "", "free_link": "", "description": "", "width": 500, "thumbnail_option": null, "use_original_image": false, "image": 9, "caption_text": "", "page_link": null, "crop": true, "height": 500, "alt_text": "", "target_blank": false, "image_url": "", "upscale": true, "use_autoscale": false, "link_attributes": {}, "file_link": null, "original_link": false, "alignment": null}, "model": "cmsplugin_filer_image.filerimage", "pk": 101}, {"fields": {"style": "", "free_link": "", "description": "", "width": 500, "thumbnail_option": null, "use_original_image": false, "image": 10, "caption_text": "", "page_link": null, "crop": true, "height": 500, "alt_text": "", "target_blank": false, "image_url": "", "upscale": true, "use_autoscale": false, "link_attributes": {}, "file_link": null, "original_link": false, "alignment": null}, "model": "cmsplugin_filer_image.filerimage", "pk": 248}, {"fields": {"style": "", "free_link": "", "description": "", "width": 500, "thumbnail_option": null, "use_original_image": false, "image": 9, "caption_text": "", "page_link": null, "crop": true, "height": 500, "alt_text": "", "target_blank": false, "image_url": "", "upscale": true, "use_autoscale": false, "link_attributes": {}, "file_link": null, "original_link": false, "alignment": null}, "model": "cmsplugin_filer_image.filerimage", "pk": 254}, {"fields": {"additional_classes": "", "margin_right": null, "class_name": "info", "padding_bottom": null, "margin_left": null, "padding_right": null, "margin_top": null, "padding_left": null, "padding_top": null, "margin_bottom": null, "tag_type": "div"}, "model": "djangocms_style.style", "pk": 1}, {"fields": {"additional_classes": "", "margin_right": null, "class_name": "info", "padding_bottom": null, "margin_left": null, "padding_right": null, "margin_top": null, "padding_left": null, "padding_top": null, "margin_bottom": null, "tag_type": "div"}, "model": "djangocms_style.style", "pk": 3}, {"fields": {"additional_classes": "", "margin_right": null, "class_name": "info", "padding_bottom": null, "margin_left": null, "padding_right": null, "margin_top": null, "padding_left": null, "padding_top": null, "margin_bottom": null, "tag_type": "div"}, "model": "djangocms_style.style", "pk": 116}, {"fields": {"additional_classes": "", "margin_right": null, "class_name": "info", "padding_bottom": null, "margin_left": null, "padding_right": null, "margin_top": null, "padding_left": null, "padding_top": null, "margin_bottom": null, "tag_type": "div"}, "model": "djangocms_style.style", "pk": 121}, {"fields": {"additional_classes": "", "margin_right": null, "class_name": "info", "padding_bottom": null, "margin_left": null, "padding_right": null, "margin_top": null, "padding_left": null, "padding_top": null, "margin_bottom": null, "tag_type": "div"}, "model": "djangocms_style.style", "pk": 255}, {"fields": {"additional_classes": "", "margin_right": null, "class_name": "info", "padding_bottom": null, "margin_left": null, "padding_right": null, "margin_top": null, "padding_left": null, "padding_top": null, "margin_bottom": null, "tag_type": "div"}, "model": "djangocms_style.style", "pk": 257}, {"fields": {"additional_classes": "", "margin_right": null, "class_name": "info", "padding_bottom": null, "margin_left": null, "padding_right": null, "margin_top": null, "padding_left": null, "padding_top": null, "margin_bottom": null, "tag_type": "div"}, "model": "djangocms_style.style", "pk": 260}, {"fields": {"additional_classes": "", "margin_right": null, "class_name": "info", "padding_bottom": null, "margin_left": null, "padding_right": null, "margin_top": null, "padding_left": null, "padding_top": null, "margin_bottom": null, "tag_type": "div"}, "model": "djangocms_style.style", "pk": 265}, {"fields": {"background_position": "", "background_image": 8, "background_repeat": "repeat", "label": "", "id_name": "", "additional_class_names": "", "background_size": "", "tag_type": "header"}, "model": "aldryn_background_image.backgroundimage", "pk": 2}, {"fields": {"background_position": "", "background_image": 8, "background_repeat": "repeat", "label": "", "id_name": "", "additional_class_names": "", "background_size": "", "tag_type": "section"}, "model": "aldryn_background_image.backgroundimage", "pk": 124}, {"fields": {"background_position": "", "background_image": 8, "background_repeat": "repeat", "label": "", "id_name": "", "additional_class_names": "", "background_size": "", "tag_type": "header"}, "model": "aldryn_background_image.backgroundimage", "pk": 256}, {"fields": {"background_position": "", "background_image": 8, "background_repeat": "repeat", "label": "", "id_name": "", "additional_class_names": "", "background_size": "", "tag_type": "section"}, "model": "aldryn_background_image.backgroundimage", "pk": 268}, {"fields": {"link_mailto": "", "link_page": null, "link_attributes": {}, "link_phone": "", "icon_right": "", "btn_size": "md", "link_url": "", "label": "SEO & Search  |  Local Search", "btn_context": "default", "link_anchor": "", "link_file": null, "txt_context": "", "btn_block": false, "classes": "", "icon_left": "", "responsive": "", "link_target": "", "type": "lnk", "responsive_print": ""}, "model": "aldryn_bootstrap3.boostrap3buttonplugin", "pk": 98}, {"fields": {"link_mailto": "", "link_page": null, "link_attributes": {}, "link_phone": "", "icon_right": "", "btn_size": "md", "link_url": "", "label": "Join in our Community", "btn_context": "default", "link_anchor": "", "link_file": null, "txt_context": "", "btn_block": false, "classes": "", "icon_left": "", "responsive": "", "link_target": "", "type": "lnk", "responsive_print": ""}, "model": "aldryn_bootstrap3.boostrap3buttonplugin", "pk": 100}, {"fields": {"link_mailto": "", "link_page": null, "link_attributes": {}, "link_phone": "", "icon_right": "", "btn_size": "md", "link_url": "", "label": "Product For Detail ", "btn_context": "warning", "link_anchor": "", "link_file": null, "txt_context": "", "btn_block": false, "classes": "", "icon_left": "", "responsive": "", "link_target": "", "type": "btn", "responsive_print": ""}, "model": "aldryn_bootstrap3.boostrap3buttonplugin", "pk": 123}, {"fields": {"link_mailto": "", "link_page": null, "link_attributes": {}, "link_phone": "", "icon_right": "", "btn_size": "md", "link_url": "", "label": "SEO & Search  |  Local Search", "btn_context": "default", "link_anchor": "", "link_file": null, "txt_context": "", "btn_block": false, "classes": "", "icon_left": "", "responsive": "", "link_target": "", "type": "lnk", "responsive_print": ""}, "model": "aldryn_bootstrap3.boostrap3buttonplugin", "pk": 250}, {"fields": {"link_mailto": "", "link_page": null, "link_attributes": {}, "link_phone": "", "icon_right": "", "btn_size": "md", "link_url": "", "label": "Join in our Community", "btn_context": "default", "link_anchor": "", "link_file": null, "txt_context": "", "btn_block": false, "classes": "", "icon_left": "", "responsive": "", "link_target": "", "type": "lnk", "responsive_print": ""}, "model": "aldryn_bootstrap3.boostrap3buttonplugin", "pk": 253}, {"fields": {"link_mailto": "", "link_page": null, "link_attributes": {}, "link_phone": "", "icon_right": "", "btn_size": "md", "link_url": "", "label": "Product For Detail ", "btn_context": "warning", "link_anchor": "", "link_file": null, "txt_context": "", "btn_block": false, "classes": "", "icon_left": "", "responsive": "", "link_target": "", "type": "btn", "responsive_print": ""}, "model": "aldryn_bootstrap3.boostrap3buttonplugin", "pk": 267}, {"fields": {"classes": ""}, "model": "aldryn_bootstrap3.bootstrap3rowplugin", "pk": 114}, {"fields": {"classes": ""}, "model": "aldryn_bootstrap3.bootstrap3rowplugin", "pk": 119}, {"fields": {"classes": ""}, "model": "aldryn_bootstrap3.bootstrap3rowplugin", "pk": 258}, {"fields": {"classes": ""}, "model": "aldryn_bootstrap3.bootstrap3rowplugin", "pk": 263}, {"fields": {"md_push": null, "md_pull": null, "lg_col": 8, "xs_offset": null, "lg_push": null, "xs_push": null, "sm_offset": null, "tag": "div", "md_col": 10, "lg_offset": null, "classes": "", "sm_push": null, "md_offset": null, "xs_col": null, "sm_pull": null, "sm_col": null, "lg_pull": null, "xs_pull": null}, "model": "aldryn_bootstrap3.bootstrap3columnplugin", "pk": 115}, {"fields": {"md_push": null, "md_pull": null, "lg_col": 8, "xs_offset": null, "lg_push": null, "xs_push": null, "sm_offset": null, "tag": "div", "md_col": 10, "lg_offset": null, "classes": "", "sm_push": null, "md_offset": null, "xs_col": null, "sm_pull": null, "sm_col": null, "lg_pull": null, "xs_pull": null}, "model": "aldryn_bootstrap3.bootstrap3columnplugin", "pk": 120}, {"fields": {"md_push": null, "md_pull": null, "lg_col": 8, "xs_offset": null, "lg_push": null, "xs_push": null, "sm_offset": null, "tag": "div", "md_col": 10, "lg_offset": null, "classes": "", "sm_push": null, "md_offset": null, "xs_col": null, "sm_pull": null, "sm_col": null, "lg_pull": null, "xs_pull": null}, "model": "aldryn_bootstrap3.bootstrap3columnplugin", "pk": 259}, {"fields": {"md_push": null, "md_pull": null, "lg_col": 8, "xs_offset": null, "lg_push": null, "xs_push": null, "sm_offset": null, "tag": "div", "md_col": 10, "lg_offset": null, "classes": "", "sm_push": null, "md_offset": null, "xs_col": null, "sm_pull": null, "sm_col": null, "lg_pull": null, "xs_pull": null}, "model": "aldryn_bootstrap3.bootstrap3columnplugin", "pk": 264}, {"fields": {"codename": "use_structure", "name": "Can use Structure mode", "content_type": 1}, "model": "auth.permission", "pk": 1}, {"fields": {"codename": "change_page", "name": "Can change page", "content_type": 2}, "model": "auth.permission", "pk": 2}, {"fields": {"codename": "add_permission", "name": "Can add permission", "content_type": 3}, "model": "auth.permission", "pk": 3}, {"fields": {"codename": "change_permission", "name": "Can change permission", "content_type": 3}, "model": "auth.permission", "pk": 4}, {"fields": {"codename": "delete_permission", "name": "Can delete permission", "content_type": 3}, "model": "auth.permission", "pk": 5}, {"fields": {"codename": "add_group", "name": "Can add group", "content_type": 4}, "model": "auth.permission", "pk": 6}, {"fields": {"codename": "change_group", "name": "Can change group", "content_type": 4}, "model": "auth.permission", "pk": 7}, {"fields": {"codename": "delete_group", "name": "Can delete group", "content_type": 4}, "model": "auth.permission", "pk": 8}, {"fields": {"codename": "add_user", "name": "Can add user", "content_type": 5}, "model": "auth.permission", "pk": 9}, {"fields": {"codename": "change_user", "name": "Can change user", "content_type": 5}, "model": "auth.permission", "pk": 10}, {"fields": {"codename": "delete_user", "name": "Can delete user", "content_type": 5}, "model": "auth.permission", "pk": 11}, {"fields": {"codename": "add_contenttype", "name": "Can add content type", "content_type": 6}, "model": "auth.permission", "pk": 12}, {"fields": {"codename": "change_contenttype", "name": "Can change content type", "content_type": 6}, "model": "auth.permission", "pk": 13}, {"fields": {"codename": "delete_contenttype", "name": "Can delete content type", "content_type": 6}, "model": "auth.permission", "pk": 14}, {"fields": {"codename": "add_session", "name": "Can add session", "content_type": 7}, "model": "auth.permission", "pk": 15}, {"fields": {"codename": "change_session", "name": "Can change session", "content_type": 7}, "model": "auth.permission", "pk": 16}, {"fields": {"codename": "delete_session", "name": "Can delete session", "content_type": 7}, "model": "auth.permission", "pk": 17}, {"fields": {"codename": "add_logentry", "name": "Can add log entry", "content_type": 8}, "model": "auth.permission", "pk": 18}, {"fields": {"codename": "change_logentry", "name": "Can change log entry", "content_type": 8}, "model": "auth.permission", "pk": 19}, {"fields": {"codename": "delete_logentry", "name": "Can delete log entry", "content_type": 8}, "model": "auth.permission", "pk": 20}, {"fields": {"codename": "add_site", "name": "Can add site", "content_type": 9}, "model": "auth.permission", "pk": 21}, {"fields": {"codename": "change_site", "name": "Can change site", "content_type": 9}, "model": "auth.permission", "pk": 22}, {"fields": {"codename": "delete_site", "name": "Can delete site", "content_type": 9}, "model": "auth.permission", "pk": 23}, {"fields": {"codename": "add_usersettings", "name": "Can add user setting", "content_type": 10}, "model": "auth.permission", "pk": 24}, {"fields": {"codename": "change_usersettings", "name": "Can change user setting", "content_type": 10}, "model": "auth.permission", "pk": 25}, {"fields": {"codename": "delete_usersettings", "name": "Can delete user setting", "content_type": 10}, "model": "auth.permission", "pk": 26}, {"fields": {"codename": "add_page", "name": "Can add page", "content_type": 2}, "model": "auth.permission", "pk": 27}, {"fields": {"codename": "delete_page", "name": "Can delete page", "content_type": 2}, "model": "auth.permission", "pk": 28}, {"fields": {"codename": "view_page", "name": "Can view page", "content_type": 2}, "model": "auth.permission", "pk": 29}, {"fields": {"codename": "publish_page", "name": "Can publish page", "content_type": 2}, "model": "auth.permission", "pk": 30}, {"fields": {"codename": "edit_static_placeholder", "name": "Can edit static placeholders", "content_type": 2}, "model": "auth.permission", "pk": 31}, {"fields": {"codename": "add_globalpagepermission", "name": "Can add Page global permission", "content_type": 11}, "model": "auth.permission", "pk": 32}, {"fields": {"codename": "change_globalpagepermission", "name": "Can change Page global permission", "content_type": 11}, "model": "auth.permission", "pk": 33}, {"fields": {"codename": "delete_globalpagepermission", "name": "Can delete Page global permission", "content_type": 11}, "model": "auth.permission", "pk": 34}, {"fields": {"codename": "add_pagepermission", "name": "Can add Page permission", "content_type": 12}, "model": "auth.permission", "pk": 35}, {"fields": {"codename": "change_pagepermission", "name": "Can change Page permission", "content_type": 12}, "model": "auth.permission", "pk": 36}, {"fields": {"codename": "delete_pagepermission", "name": "Can delete Page permission", "content_type": 12}, "model": "auth.permission", "pk": 37}, {"fields": {"codename": "add_pageuser", "name": "Can add User (page)", "content_type": 13}, "model": "auth.permission", "pk": 38}, {"fields": {"codename": "change_pageuser", "name": "Can change User (page)", "content_type": 13}, "model": "auth.permission", "pk": 39}, {"fields": {"codename": "delete_pageuser", "name": "Can delete User (page)", "content_type": 13}, "model": "auth.permission", "pk": 40}, {"fields": {"codename": "add_pageusergroup", "name": "Can add User group (page)", "content_type": 14}, "model": "auth.permission", "pk": 41}, {"fields": {"codename": "change_pageusergroup", "name": "Can change User group (page)", "content_type": 14}, "model": "auth.permission", "pk": 42}, {"fields": {"codename": "delete_pageusergroup", "name": "Can delete User group (page)", "content_type": 14}, "model": "auth.permission", "pk": 43}, {"fields": {"codename": "add_placeholder", "name": "Can add placeholder", "content_type": 1}, "model": "auth.permission", "pk": 44}, {"fields": {"codename": "change_placeholder", "name": "Can change placeholder", "content_type": 1}, "model": "auth.permission", "pk": 45}, {"fields": {"codename": "delete_placeholder", "name": "Can delete placeholder", "content_type": 1}, "model": "auth.permission", "pk": 46}, {"fields": {"codename": "add_cmsplugin", "name": "Can add cms plugin", "content_type": 15}, "model": "auth.permission", "pk": 47}, {"fields": {"codename": "change_cmsplugin", "name": "Can change cms plugin", "content_type": 15}, "model": "auth.permission", "pk": 48}, {"fields": {"codename": "delete_cmsplugin", "name": "Can delete cms plugin", "content_type": 15}, "model": "auth.permission", "pk": 49}, {"fields": {"codename": "add_title", "name": "Can add title", "content_type": 16}, "model": "auth.permission", "pk": 50}, {"fields": {"codename": "change_title", "name": "Can change title", "content_type": 16}, "model": "auth.permission", "pk": 51}, {"fields": {"codename": "delete_title", "name": "Can delete title", "content_type": 16}, "model": "auth.permission", "pk": 52}, {"fields": {"codename": "add_placeholderreference", "name": "Can add placeholder reference", "content_type": 17}, "model": "auth.permission", "pk": 53}, {"fields": {"codename": "change_placeholderreference", "name": "Can change placeholder reference", "content_type": 17}, "model": "auth.permission", "pk": 54}, {"fields": {"codename": "delete_placeholderreference", "name": "Can delete placeholder reference", "content_type": 17}, "model": "auth.permission", "pk": 55}, {"fields": {"codename": "add_staticplaceholder", "name": "Can add static placeholder", "content_type": 18}, "model": "auth.permission", "pk": 56}, {"fields": {"codename": "change_staticplaceholder", "name": "Can change static placeholder", "content_type": 18}, "model": "auth.permission", "pk": 57}, {"fields": {"codename": "delete_staticplaceholder", "name": "Can delete static placeholder", "content_type": 18}, "model": "auth.permission", "pk": 58}, {"fields": {"codename": "add_aliaspluginmodel", "name": "Can add alias plugin model", "content_type": 19}, "model": "auth.permission", "pk": 59}, {"fields": {"codename": "change_aliaspluginmodel", "name": "Can change alias plugin model", "content_type": 19}, "model": "auth.permission", "pk": 60}, {"fields": {"codename": "delete_aliaspluginmodel", "name": "Can delete alias plugin model", "content_type": 19}, "model": "auth.permission", "pk": 61}, {"fields": {"codename": "add_urlconfrevision", "name": "Can add urlconf revision", "content_type": 20}, "model": "auth.permission", "pk": 62}, {"fields": {"codename": "change_urlconfrevision", "name": "Can change urlconf revision", "content_type": 20}, "model": "auth.permission", "pk": 63}, {"fields": {"codename": "delete_urlconfrevision", "name": "Can delete urlconf revision", "content_type": 20}, "model": "auth.permission", "pk": 64}, {"fields": {"codename": "add_cachekey", "name": "Can add cache key", "content_type": 21}, "model": "auth.permission", "pk": 65}, {"fields": {"codename": "change_cachekey", "name": "Can change cache key", "content_type": 21}, "model": "auth.permission", "pk": 66}, {"fields": {"codename": "delete_cachekey", "name": "Can delete cache key", "content_type": 21}, "model": "auth.permission", "pk": 67}, {"fields": {"codename": "add_text", "name": "Can add text", "content_type": 22}, "model": "auth.permission", "pk": 68}, {"fields": {"codename": "change_text", "name": "Can change text", "content_type": 22}, "model": "auth.permission", "pk": 69}, {"fields": {"codename": "delete_text", "name": "Can delete text", "content_type": 22}, "model": "auth.permission", "pk": 70}, {"fields": {"codename": "add_folder", "name": "Can add Folder", "content_type": 23}, "model": "auth.permission", "pk": 71}, {"fields": {"codename": "change_folder", "name": "Can change Folder", "content_type": 23}, "model": "auth.permission", "pk": 72}, {"fields": {"codename": "delete_folder", "name": "Can delete Folder", "content_type": 23}, "model": "auth.permission", "pk": 73}, {"fields": {"codename": "can_use_directory_listing", "name": "Can use directory listing", "content_type": 23}, "model": "auth.permission", "pk": 74}, {"fields": {"codename": "add_folderpermission", "name": "Can add folder permission", "content_type": 24}, "model": "auth.permission", "pk": 75}, {"fields": {"codename": "change_folderpermission", "name": "Can change folder permission", "content_type": 24}, "model": "auth.permission", "pk": 76}, {"fields": {"codename": "delete_folderpermission", "name": "Can delete folder permission", "content_type": 24}, "model": "auth.permission", "pk": 77}, {"fields": {"codename": "add_file", "name": "Can add file", "content_type": 25}, "model": "auth.permission", "pk": 78}, {"fields": {"codename": "change_file", "name": "Can change file", "content_type": 25}, "model": "auth.permission", "pk": 79}, {"fields": {"codename": "delete_file", "name": "Can delete file", "content_type": 25}, "model": "auth.permission", "pk": 80}, {"fields": {"codename": "add_clipboard", "name": "Can add clipboard", "content_type": 26}, "model": "auth.permission", "pk": 81}, {"fields": {"codename": "change_clipboard", "name": "Can change clipboard", "content_type": 26}, "model": "auth.permission", "pk": 82}, {"fields": {"codename": "delete_clipboard", "name": "Can delete clipboard", "content_type": 26}, "model": "auth.permission", "pk": 83}, {"fields": {"codename": "add_clipboarditem", "name": "Can add clipboard item", "content_type": 27}, "model": "auth.permission", "pk": 84}, {"fields": {"codename": "change_clipboarditem", "name": "Can change clipboard item", "content_type": 27}, "model": "auth.permission", "pk": 85}, {"fields": {"codename": "delete_clipboarditem", "name": "Can delete clipboard item", "content_type": 27}, "model": "auth.permission", "pk": 86}, {"fields": {"codename": "add_image", "name": "Can add image", "content_type": 28}, "model": "auth.permission", "pk": 87}, {"fields": {"codename": "change_image", "name": "Can change image", "content_type": 28}, "model": "auth.permission", "pk": 88}, {"fields": {"codename": "delete_image", "name": "Can delete image", "content_type": 28}, "model": "auth.permission", "pk": 89}, {"fields": {"codename": "add_thumbnailoption", "name": "Can add thumbnail option", "content_type": 29}, "model": "auth.permission", "pk": 90}, {"fields": {"codename": "change_thumbnailoption", "name": "Can change thumbnail option", "content_type": 29}, "model": "auth.permission", "pk": 91}, {"fields": {"codename": "delete_thumbnailoption", "name": "Can delete thumbnail option", "content_type": 29}, "model": "auth.permission", "pk": 92}, {"fields": {"codename": "add_source", "name": "Can add source", "content_type": 30}, "model": "auth.permission", "pk": 93}, {"fields": {"codename": "change_source", "name": "Can change source", "content_type": 30}, "model": "auth.permission", "pk": 94}, {"fields": {"codename": "delete_source", "name": "Can delete source", "content_type": 30}, "model": "auth.permission", "pk": 95}, {"fields": {"codename": "add_thumbnail", "name": "Can add thumbnail", "content_type": 31}, "model": "auth.permission", "pk": 96}, {"fields": {"codename": "change_thumbnail", "name": "Can change thumbnail", "content_type": 31}, "model": "auth.permission", "pk": 97}, {"fields": {"codename": "delete_thumbnail", "name": "Can delete thumbnail", "content_type": 31}, "model": "auth.permission", "pk": 98}, {"fields": {"codename": "add_thumbnaildimensions", "name": "Can add thumbnail dimensions", "content_type": 32}, "model": "auth.permission", "pk": 99}, {"fields": {"codename": "change_thumbnaildimensions", "name": "Can change thumbnail dimensions", "content_type": 32}, "model": "auth.permission", "pk": 100}, {"fields": {"codename": "delete_thumbnaildimensions", "name": "Can delete thumbnail dimensions", "content_type": 32}, "model": "auth.permission", "pk": 101}, {"fields": {"codename": "add_multicolumns", "name": "Can add multi columns", "content_type": 33}, "model": "auth.permission", "pk": 102}, {"fields": {"codename": "change_multicolumns", "name": "Can change multi columns", "content_type": 33}, "model": "auth.permission", "pk": 103}, {"fields": {"codename": "delete_multicolumns", "name": "Can delete multi columns", "content_type": 33}, "model": "auth.permission", "pk": 104}, {"fields": {"codename": "add_column", "name": "Can add column", "content_type": 34}, "model": "auth.permission", "pk": 105}, {"fields": {"codename": "change_column", "name": "Can change column", "content_type": 34}, "model": "auth.permission", "pk": 106}, {"fields": {"codename": "delete_column", "name": "Can delete column", "content_type": 34}, "model": "auth.permission", "pk": 107}, {"fields": {"codename": "add_link", "name": "Can add link", "content_type": 35}, "model": "auth.permission", "pk": 108}, {"fields": {"codename": "change_link", "name": "Can change link", "content_type": 35}, "model": "auth.permission", "pk": 109}, {"fields": {"codename": "delete_link", "name": "Can delete link", "content_type": 35}, "model": "auth.permission", "pk": 110}, {"fields": {"codename": "add_filerfile", "name": "Can add filer file", "content_type": 36}, "model": "auth.permission", "pk": 111}, {"fields": {"codename": "change_filerfile", "name": "Can change filer file", "content_type": 36}, "model": "auth.permission", "pk": 112}, {"fields": {"codename": "delete_filerfile", "name": "Can delete filer file", "content_type": 36}, "model": "auth.permission", "pk": 113}, {"fields": {"codename": "add_filerfolder", "name": "Can add filer folder", "content_type": 37}, "model": "auth.permission", "pk": 114}, {"fields": {"codename": "change_filerfolder", "name": "Can change filer folder", "content_type": 37}, "model": "auth.permission", "pk": 115}, {"fields": {"codename": "delete_filerfolder", "name": "Can delete filer folder", "content_type": 37}, "model": "auth.permission", "pk": 116}, {"fields": {"codename": "add_filerimage", "name": "Can add filer image", "content_type": 38}, "model": "auth.permission", "pk": 117}, {"fields": {"codename": "change_filerimage", "name": "Can change filer image", "content_type": 38}, "model": "auth.permission", "pk": 118}, {"fields": {"codename": "delete_filerimage", "name": "Can delete filer image", "content_type": 38}, "model": "auth.permission", "pk": 119}, {"fields": {"codename": "add_style", "name": "Can add style", "content_type": 39}, "model": "auth.permission", "pk": 120}, {"fields": {"codename": "change_style", "name": "Can change style", "content_type": 39}, "model": "auth.permission", "pk": 121}, {"fields": {"codename": "delete_style", "name": "Can delete style", "content_type": 39}, "model": "auth.permission", "pk": 122}, {"fields": {"codename": "add_snippet", "name": "Can add Snippet", "content_type": 40}, "model": "auth.permission", "pk": 123}, {"fields": {"codename": "change_snippet", "name": "Can change Snippet", "content_type": 40}, "model": "auth.permission", "pk": 124}, {"fields": {"codename": "delete_snippet", "name": "Can delete Snippet", "content_type": 40}, "model": "auth.permission", "pk": 125}, {"fields": {"codename": "add_snippetptr", "name": "Can add Snippet", "content_type": 41}, "model": "auth.permission", "pk": 126}, {"fields": {"codename": "change_snippetptr", "name": "Can change Snippet", "content_type": 41}, "model": "auth.permission", "pk": 127}, {"fields": {"codename": "delete_snippetptr", "name": "Can delete Snippet", "content_type": 41}, "model": "auth.permission", "pk": 128}, {"fields": {"codename": "add_googlemap", "name": "Can add google map", "content_type": 42}, "model": "auth.permission", "pk": 129}, {"fields": {"codename": "change_googlemap", "name": "Can change google map", "content_type": 42}, "model": "auth.permission", "pk": 130}, {"fields": {"codename": "delete_googlemap", "name": "Can delete google map", "content_type": 42}, "model": "auth.permission", "pk": 131}, {"fields": {"codename": "add_videoplayer", "name": "Can add video player", "content_type": 43}, "model": "auth.permission", "pk": 132}, {"fields": {"codename": "change_videoplayer", "name": "Can change video player", "content_type": 43}, "model": "auth.permission", "pk": 133}, {"fields": {"codename": "delete_videoplayer", "name": "Can delete video player", "content_type": 43}, "model": "auth.permission", "pk": 134}, {"fields": {"codename": "add_videosource", "name": "Can add video source", "content_type": 44}, "model": "auth.permission", "pk": 135}, {"fields": {"codename": "change_videosource", "name": "Can change video source", "content_type": 44}, "model": "auth.permission", "pk": 136}, {"fields": {"codename": "delete_videosource", "name": "Can delete video source", "content_type": 44}, "model": "auth.permission", "pk": 137}, {"fields": {"codename": "add_videotrack", "name": "Can add video track", "content_type": 45}, "model": "auth.permission", "pk": 138}, {"fields": {"codename": "change_videotrack", "name": "Can change video track", "content_type": 45}, "model": "auth.permission", "pk": 139}, {"fields": {"codename": "delete_videotrack", "name": "Can delete video track", "content_type": 45}, "model": "auth.permission", "pk": 140}, {"fields": {"codename": "add_token", "name": "Can add Token", "content_type": 46}, "model": "auth.permission", "pk": 141}, {"fields": {"codename": "change_token", "name": "Can change Token", "content_type": 46}, "model": "auth.permission", "pk": 142}, {"fields": {"codename": "delete_token", "name": "Can delete Token", "content_type": 46}, "model": "auth.permission", "pk": 143}, {"fields": {"codename": "add_backgroundimage", "name": "Can add background image", "content_type": 47}, "model": "auth.permission", "pk": 144}, {"fields": {"codename": "change_backgroundimage", "name": "Can change background image", "content_type": 47}, "model": "auth.permission", "pk": 145}, {"fields": {"codename": "delete_backgroundimage", "name": "Can delete background image", "content_type": 47}, "model": "auth.permission", "pk": 146}, {"fields": {"codename": "add_boostrap3buttonplugin", "name": "Can add boostrap3 button plugin", "content_type": 48}, "model": "auth.permission", "pk": 147}, {"fields": {"codename": "change_boostrap3buttonplugin", "name": "Can change boostrap3 button plugin", "content_type": 48}, "model": "auth.permission", "pk": 148}, {"fields": {"codename": "delete_boostrap3buttonplugin", "name": "Can delete boostrap3 button plugin", "content_type": 48}, "model": "auth.permission", "pk": 149}, {"fields": {"codename": "add_boostrap3blockquoteplugin", "name": "Can add boostrap3 blockquote plugin", "content_type": 49}, "model": "auth.permission", "pk": 150}, {"fields": {"codename": "change_boostrap3blockquoteplugin", "name": "Can change boostrap3 blockquote plugin", "content_type": 49}, "model": "auth.permission", "pk": 151}, {"fields": {"codename": "delete_boostrap3blockquoteplugin", "name": "Can delete boostrap3 blockquote plugin", "content_type": 49}, "model": "auth.permission", "pk": 152}, {"fields": {"codename": "add_boostrap3iconplugin", "name": "Can add boostrap3 icon plugin", "content_type": 50}, "model": "auth.permission", "pk": 153}, {"fields": {"codename": "change_boostrap3iconplugin", "name": "Can change boostrap3 icon plugin", "content_type": 50}, "model": "auth.permission", "pk": 154}, {"fields": {"codename": "delete_boostrap3iconplugin", "name": "Can delete boostrap3 icon plugin", "content_type": 50}, "model": "auth.permission", "pk": 155}, {"fields": {"codename": "add_boostrap3labelplugin", "name": "Can add boostrap3 label plugin", "content_type": 51}, "model": "auth.permission", "pk": 156}, {"fields": {"codename": "change_boostrap3labelplugin", "name": "Can change boostrap3 label plugin", "content_type": 51}, "model": "auth.permission", "pk": 157}, {"fields": {"codename": "delete_boostrap3labelplugin", "name": "Can delete boostrap3 label plugin", "content_type": 51}, "model": "auth.permission", "pk": 158}, {"fields": {"codename": "add_boostrap3wellplugin", "name": "Can add boostrap3 well plugin", "content_type": 52}, "model": "auth.permission", "pk": 159}, {"fields": {"codename": "change_boostrap3wellplugin", "name": "Can change boostrap3 well plugin", "content_type": 52}, "model": "auth.permission", "pk": 160}, {"fields": {"codename": "delete_boostrap3wellplugin", "name": "Can delete boostrap3 well plugin", "content_type": 52}, "model": "auth.permission", "pk": 161}, {"fields": {"codename": "add_boostrap3alertplugin", "name": "Can add boostrap3 alert plugin", "content_type": 53}, "model": "auth.permission", "pk": 162}, {"fields": {"codename": "change_boostrap3alertplugin", "name": "Can change boostrap3 alert plugin", "content_type": 53}, "model": "auth.permission", "pk": 163}, {"fields": {"codename": "delete_boostrap3alertplugin", "name": "Can delete boostrap3 alert plugin", "content_type": 53}, "model": "auth.permission", "pk": 164}, {"fields": {"codename": "add_boostrap3imageplugin", "name": "Can add boostrap3 image plugin", "content_type": 54}, "model": "auth.permission", "pk": 165}, {"fields": {"codename": "change_boostrap3imageplugin", "name": "Can change boostrap3 image plugin", "content_type": 54}, "model": "auth.permission", "pk": 166}, {"fields": {"codename": "delete_boostrap3imageplugin", "name": "Can delete boostrap3 image plugin", "content_type": 54}, "model": "auth.permission", "pk": 167}, {"fields": {"codename": "add_boostrap3spacerplugin", "name": "Can add boostrap3 spacer plugin", "content_type": 55}, "model": "auth.permission", "pk": 168}, {"fields": {"codename": "change_boostrap3spacerplugin", "name": "Can change boostrap3 spacer plugin", "content_type": 55}, "model": "auth.permission", "pk": 169}, {"fields": {"codename": "delete_boostrap3spacerplugin", "name": "Can delete boostrap3 spacer plugin", "content_type": 55}, "model": "auth.permission", "pk": 170}, {"fields": {"codename": "add_bootstrap3fileplugin", "name": "Can add bootstrap3 file plugin", "content_type": 56}, "model": "auth.permission", "pk": 171}, {"fields": {"codename": "change_bootstrap3fileplugin", "name": "Can change bootstrap3 file plugin", "content_type": 56}, "model": "auth.permission", "pk": 172}, {"fields": {"codename": "delete_bootstrap3fileplugin", "name": "Can delete bootstrap3 file plugin", "content_type": 56}, "model": "auth.permission", "pk": 173}, {"fields": {"codename": "add_boostrap3panelplugin", "name": "Can add boostrap3 panel plugin", "content_type": 57}, "model": "auth.permission", "pk": 174}, {"fields": {"codename": "change_boostrap3panelplugin", "name": "Can change boostrap3 panel plugin", "content_type": 57}, "model": "auth.permission", "pk": 175}, {"fields": {"codename": "delete_boostrap3panelplugin", "name": "Can delete boostrap3 panel plugin", "content_type": 57}, "model": "auth.permission", "pk": 176}, {"fields": {"codename": "add_boostrap3panelheadingplugin", "name": "Can add boostrap3 panel heading plugin", "content_type": 58}, "model": "auth.permission", "pk": 177}, {"fields": {"codename": "change_boostrap3panelheadingplugin", "name": "Can change boostrap3 panel heading plugin", "content_type": 58}, "model": "auth.permission", "pk": 178}, {"fields": {"codename": "delete_boostrap3panelheadingplugin", "name": "Can delete boostrap3 panel heading plugin", "content_type": 58}, "model": "auth.permission", "pk": 179}, {"fields": {"codename": "add_boostrap3panelbodyplugin", "name": "Can add boostrap3 panel body plugin", "content_type": 59}, "model": "auth.permission", "pk": 180}, {"fields": {"codename": "change_boostrap3panelbodyplugin", "name": "Can change boostrap3 panel body plugin", "content_type": 59}, "model": "auth.permission", "pk": 181}, {"fields": {"codename": "delete_boostrap3panelbodyplugin", "name": "Can delete boostrap3 panel body plugin", "content_type": 59}, "model": "auth.permission", "pk": 182}, {"fields": {"codename": "add_boostrap3panelfooterplugin", "name": "Can add boostrap3 panel footer plugin", "content_type": 60}, "model": "auth.permission", "pk": 183}, {"fields": {"codename": "change_boostrap3panelfooterplugin", "name": "Can change boostrap3 panel footer plugin", "content_type": 60}, "model": "auth.permission", "pk": 184}, {"fields": {"codename": "delete_boostrap3panelfooterplugin", "name": "Can delete boostrap3 panel footer plugin", "content_type": 60}, "model": "auth.permission", "pk": 185}, {"fields": {"codename": "add_bootstrap3rowplugin", "name": "Can add bootstrap3 row plugin", "content_type": 61}, "model": "auth.permission", "pk": 186}, {"fields": {"codename": "change_bootstrap3rowplugin", "name": "Can change bootstrap3 row plugin", "content_type": 61}, "model": "auth.permission", "pk": 187}, {"fields": {"codename": "delete_bootstrap3rowplugin", "name": "Can delete bootstrap3 row plugin", "content_type": 61}, "model": "auth.permission", "pk": 188}, {"fields": {"codename": "add_bootstrap3columnplugin", "name": "Can add bootstrap3 column plugin", "content_type": 62}, "model": "auth.permission", "pk": 189}, {"fields": {"codename": "change_bootstrap3columnplugin", "name": "Can change bootstrap3 column plugin", "content_type": 62}, "model": "auth.permission", "pk": 190}, {"fields": {"codename": "delete_bootstrap3columnplugin", "name": "Can delete bootstrap3 column plugin", "content_type": 62}, "model": "auth.permission", "pk": 191}, {"fields": {"codename": "add_bootstrap3accordionplugin", "name": "Can add bootstrap3 accordion plugin", "content_type": 63}, "model": "auth.permission", "pk": 192}, {"fields": {"codename": "change_bootstrap3accordionplugin", "name": "Can change bootstrap3 accordion plugin", "content_type": 63}, "model": "auth.permission", "pk": 193}, {"fields": {"codename": "delete_bootstrap3accordionplugin", "name": "Can delete bootstrap3 accordion plugin", "content_type": 63}, "model": "auth.permission", "pk": 194}, {"fields": {"codename": "add_bootstrap3accordionitemplugin", "name": "Can add bootstrap3 accordion item plugin", "content_type": 64}, "model": "auth.permission", "pk": 195}, {"fields": {"codename": "change_bootstrap3accordionitemplugin", "name": "Can change bootstrap3 accordion item plugin", "content_type": 64}, "model": "auth.permission", "pk": 196}, {"fields": {"codename": "delete_bootstrap3accordionitemplugin", "name": "Can delete bootstrap3 accordion item plugin", "content_type": 64}, "model": "auth.permission", "pk": 197}, {"fields": {"codename": "add_bootstrap3listgroupplugin", "name": "Can add bootstrap3 list group plugin", "content_type": 65}, "model": "auth.permission", "pk": 198}, {"fields": {"codename": "change_bootstrap3listgroupplugin", "name": "Can change bootstrap3 list group plugin", "content_type": 65}, "model": "auth.permission", "pk": 199}, {"fields": {"codename": "delete_bootstrap3listgroupplugin", "name": "Can delete bootstrap3 list group plugin", "content_type": 65}, "model": "auth.permission", "pk": 200}, {"fields": {"codename": "add_bootstrap3listgroupitemplugin", "name": "Can add bootstrap3 list group item plugin", "content_type": 66}, "model": "auth.permission", "pk": 201}, {"fields": {"codename": "change_bootstrap3listgroupitemplugin", "name": "Can change bootstrap3 list group item plugin", "content_type": 66}, "model": "auth.permission", "pk": 202}, {"fields": {"codename": "delete_bootstrap3listgroupitemplugin", "name": "Can delete bootstrap3 list group item plugin", "content_type": 66}, "model": "auth.permission", "pk": 203}, {"fields": {"codename": "add_bootstrap3carouselplugin", "name": "Can add bootstrap3 carousel plugin", "content_type": 67}, "model": "auth.permission", "pk": 204}, {"fields": {"codename": "change_bootstrap3carouselplugin", "name": "Can change bootstrap3 carousel plugin", "content_type": 67}, "model": "auth.permission", "pk": 205}, {"fields": {"codename": "delete_bootstrap3carouselplugin", "name": "Can delete bootstrap3 carousel plugin", "content_type": 67}, "model": "auth.permission", "pk": 206}, {"fields": {"codename": "add_bootstrap3carouselslideplugin", "name": "Can add bootstrap3 carousel slide plugin", "content_type": 68}, "model": "auth.permission", "pk": 207}, {"fields": {"codename": "change_bootstrap3carouselslideplugin", "name": "Can change bootstrap3 carousel slide plugin", "content_type": 68}, "model": "auth.permission", "pk": 208}, {"fields": {"codename": "delete_bootstrap3carouselslideplugin", "name": "Can delete bootstrap3 carousel slide plugin", "content_type": 68}, "model": "auth.permission", "pk": 209}, {"fields": {"codename": "add_bootstrap3carouselslidefolderplugin", "name": "Can add bootstrap3 carousel slide folder plugin", "content_type": 69}, "model": "auth.permission", "pk": 210}, {"fields": {"codename": "change_bootstrap3carouselslidefolderplugin", "name": "Can change bootstrap3 carousel slide folder plugin", "content_type": 69}, "model": "auth.permission", "pk": 211}, {"fields": {"codename": "delete_bootstrap3carouselslidefolderplugin", "name": "Can delete bootstrap3 carousel slide folder plugin", "content_type": 69}, "model": "auth.permission", "pk": 212}, {"fields": {"codename": "add_category", "name": "Can add category", "content_type": 71}, "model": "auth.permission", "pk": 213}, {"fields": {"codename": "change_category", "name": "Can change category", "content_type": 71}, "model": "auth.permission", "pk": 214}, {"fields": {"codename": "delete_category", "name": "Can delete category", "content_type": 71}, "model": "auth.permission", "pk": 215}, {"fields": {"username": "admin", "first_name": "", "last_name": "", "is_active": true, "is_superuser": true, "is_staff": true, "last_login": "2016-11-13T09:35:46.334Z", "groups": [], "user_permissions": [], "password": "pbkdf2_sha256$20000$7Gl8Wr09qerK$EXpa0ZrZMncXwnbexVNuZgHnj7uy0KfCRrxTn5ueNWA=", "email": "admin@admin.com", "date_joined": "2016-11-13T09:33:43.094Z"}, "model": "auth.user", "pk": 1}, {"fields": {"action_flag": 2, "action_time": "2016-11-13T10:26:37.557Z", "object_repr": "Home", "object_id": "1", "change_message": "", "user": 1, "content_type": 2}, "model": "admin.logentry", "pk": 1}, {"fields": {"action_flag": 2, "action_time": "2016-11-13T10:28:50.263Z", "object_repr": "Home", "object_id": "1", "change_message": "", "user": 1, "content_type": 2}, "model": "admin.logentry", "pk": 2}, {"fields": {"action_flag": 2, "action_time": "2016-11-13T10:29:29.512Z", "object_repr": "Home", "object_id": "1", "change_message": "", "user": 1, "content_type": 2}, "model": "admin.logentry", "pk": 3}, {"fields": {"action_flag": 2, "action_time": "2016-11-13T10:36:39.791Z", "object_repr": "Home", "object_id": "1", "change_message": "", "user": 1, "content_type": 2}, "model": "admin.logentry", "pk": 4}, {"fields": {"action_flag": 2, "action_time": "2016-11-13T10:47:00.698Z", "object_repr": "Home", "object_id": "1", "change_message": "", "user": 1, "content_type": 2}, "model": "admin.logentry", "pk": 5}, {"fields": {"action_flag": 2, "action_time": "2016-11-13T10:48:07.485Z", "object_repr": "Home", "object_id": "1", "change_message": "", "user": 1, "content_type": 2}, "model": "admin.logentry", "pk": 6}, {"fields": {"action_flag": 2, "action_time": "2016-11-13T10:48:34.995Z", "object_repr": "Home", "object_id": "1", "change_message": "", "user": 1, "content_type": 2}, "model": "admin.logentry", "pk": 7}, {"fields": {"action_flag": 2, "action_time": "2016-11-13T10:49:44.923Z", "object_repr": "Home", "object_id": "1", "change_message": "", "user": 1, "content_type": 2}, "model": "admin.logentry", "pk": 8}, {"fields": {"action_flag": 3, "action_time": "2016-11-14T01:52:54.396Z", "object_repr": "post-bg.jpg", "object_id": "5", "change_message": "", "user": 1, "content_type": 28}, "model": "admin.logentry", "pk": 9}, {"fields": {"action_flag": 3, "action_time": "2016-11-14T01:52:58.660Z", "object_repr": "about-bg.jpg", "object_id": "1", "change_message": "", "user": 1, "content_type": 28}, "model": "admin.logentry", "pk": 10}, {"fields": {"action_flag": 3, "action_time": "2016-11-14T01:53:01.593Z", "object_repr": "contact-bg.jpg", "object_id": "3", "change_message": "", "user": 1, "content_type": 28}, "model": "admin.logentry", "pk": 11}, {"fields": {"action_flag": 3, "action_time": "2016-11-14T01:53:04.350Z", "object_repr": "home-bg.jpg", "object_id": "2", "change_message": "", "user": 1, "content_type": 28}, "model": "admin.logentry", "pk": 12}, {"fields": {"action_flag": 3, "action_time": "2016-11-14T01:53:07.134Z", "object_repr": "post-sample-image.jpg", "object_id": "4", "change_message": "", "user": 1, "content_type": 28}, "model": "admin.logentry", "pk": 13}, {"fields": {"action_flag": 2, "action_time": "2016-11-14T01:54:01.326Z", "object_repr": "Home", "object_id": "1", "change_message": "", "user": 1, "content_type": 2}, "model": "admin.logentry", "pk": 14}, {"fields": {"action_flag": 2, "action_time": "2016-11-14T01:54:31.492Z", "object_repr": "Home", "object_id": "1", "change_message": "", "user": 1, "content_type": 2}, "model": "admin.logentry", "pk": 15}, {"fields": {"clipboard": 1, "user": 1, "language": "zh"}, "model": "cms.usersettings", "pk": 1}, {"fields": {"sha1": "6af63305c923899017e727b5ca968a2703bc08cf", "original_filename": "contact-bg.jpg", "name": "", "description": null, "modified_at": "2016-11-14T01:52:40.947Z", "_file_size": 290070, "uploaded_at": "2016-11-14T01:52:40.947Z", "file": "filer_public/72/b7/72b783ec-9ff4-491d-b6dc-7647d17660f2/contact-bg.jpg", "owner": 1, "is_public": true, "folder": null, "has_all_mandatory_data": false, "polymorphic_ctype": 28}, "model": "filer.file", "pk": 6}, {"fields": {"sha1": "990f6f9dd0ecb5348bfcc47305553d58c0d8f326", "original_filename": "home-bg.jpg", "name": "", "description": null, "modified_at": "2016-11-14T01:52:40.947Z", "_file_size": 172779, "uploaded_at": "2016-11-14T01:52:40.947Z", "file": "filer_public/a9/bc/a9bcd980-81d4-48c9-8a59-c4723dad5bfe/home-bg.jpg", "owner": 1, "is_public": true, "folder": null, "has_all_mandatory_data": false, "polymorphic_ctype": 28}, "model": "filer.file", "pk": 7}, {"fields": {"sha1": "d39126a6456f2bac0169d1779304725f179c9900", "original_filename": "about-bg.jpg", "name": "", "description": null, "modified_at": "2016-11-14T01:52:40.948Z", "_file_size": 33097, "uploaded_at": "2016-11-14T01:52:40.948Z", "file": "filer_public/91/05/910511a5-621a-468a-bb21-147c23cba58d/about-bg.jpg", "owner": 1, "is_public": true, "folder": null, "has_all_mandatory_data": false, "polymorphic_ctype": 28}, "model": "filer.file", "pk": 8}, {"fields": {"sha1": "251dfd06f06c56ded3206cb2d2004974b7dfeb0c", "original_filename": "post-bg.jpg", "name": "", "description": null, "modified_at": "2016-11-14T01:52:41.823Z", "_file_size": 140909, "uploaded_at": "2016-11-14T01:52:41.823Z", "file": "filer_public/98/22/9822d669-736f-41b1-9d85-dde423ed91a9/post-bg.jpg", "owner": 1, "is_public": true, "folder": null, "has_all_mandatory_data": false, "polymorphic_ctype": 28}, "model": "filer.file", "pk": 9}, {"fields": {"sha1": "4c113edb72b5e7b43c762b0555ca8b1fa0d5d4d8", "original_filename": "post-sample-image.jpg", "name": "", "description": null, "modified_at": "2016-11-14T01:52:41.923Z", "_file_size": 115144, "uploaded_at": "2016-11-14T01:52:41.923Z", "file": "filer_public/8a/d1/8ad198de-0c8a-4865-8549-3545e6287817/post-sample-image.jpg", "owner": 1, "is_public": true, "folder": null, "has_all_mandatory_data": false, "polymorphic_ctype": 28}, "model": "filer.file", "pk": 10}, {"fields": {"user": 1}, "model": "filer.clipboard", "pk": 1}, {"fields": {"subject_location": "", "must_always_publish_copyright": false, "date_taken": "2016-11-14T01:52:40.873Z", "author": null, "_height": 864, "_width": 1900, "must_always_publish_author_credit": false, "default_alt_text": null, "default_caption": null}, "model": "filer.image", "pk": 6}, {"fields": {"subject_location": "", "must_always_publish_copyright": false, "date_taken": "2016-11-14T01:52:40.750Z", "author": null, "_height": 872, "_width": 1900, "must_always_publish_author_credit": false, "default_alt_text": null, "default_caption": null}, "model": "filer.image", "pk": 7}, {"fields": {"subject_location": "", "must_always_publish_copyright": false, "date_taken": "2016-11-14T01:52:40.861Z", "author": null, "_height": 492, "_width": 1900, "must_always_publish_author_credit": false, "default_alt_text": null, "default_caption": null}, "model": "filer.image", "pk": 8}, {"fields": {"subject_location": "", "must_always_publish_copyright": false, "date_taken": "2016-11-14T01:52:41.817Z", "author": null, "_height": 600, "_width": 1900, "must_always_publish_author_credit": false, "default_alt_text": null, "default_caption": null}, "model": "filer.image", "pk": 9}, {"fields": {"subject_location": "", "must_always_publish_copyright": false, "date_taken": "2016-11-14T01:52:41.918Z", "author": null, "_height": 514, "_width": 778, "must_always_publish_author_credit": false, "default_alt_text": null, "default_caption": null}, "model": "filer.image", "pk": 10}]